cluster_id,molecule,unit_name,smiles,node_id,module_index,module_name,module_smiles,module_types,substrates,reactions,auxillary_genes,enums_to_add,comments
930,Chaxamycin A,naphthalene,[*]NC1=C(C(C2=C(C1=O)C(O)=C(C)C(O)=C2[*])=O)C,1,1,2-OH-AHBA,[*][NH:1][C:2]1=[C:3]([C:4]([C:6]2=[C:7]([C:8]1=[O:9])C(O)=C(C)C(O)=C2[*])=[O:5])C,['nrps'],['2-OH-AHBA'],[],['Cxm19'],[],
930,Chaxamycin A,naphthalene,[*]NC1=C(C(C2=C(C1=O)C(O)=C(C)C(O)=C2[*])=O)C,2,2,MeMal-KR,[*]NC1=C(C(C2=C(C1=O)[C:3]([OH:4])=[C:1]([CH3:2])C(O)=C2[*])=O)C,['pks'],['MeMal'],['KR'],[],[],
930,Chaxamycin A,naphthalene,[*]NC1=C(C(C2=C(C1=O)C(O)=C(C)C(O)=C2[*])=O)C,3,3,Mal-KS,[*]NC1=C(C(C2=C(C1=O)C(O)=C(C)[C:2]([OH:3])=[C:1]2[*])=O)C,['pks'],['Mal'],['KS'],[],[],
930,Chaxamycin A,naphthalene,[*]NC1=C(C(C2=C(C1=O)C(O)=C(C)C(O)=C2[*])=O)C,4,-1,Me,[*]NC1=C(C(C2=C(C1=O)C(O)=C(C)C(O)=C2[*])=O)[CH3:1],[],[],[],['Cxm24'],[],
930,Chaxamycin A,naphthalene,[*]NC1=C(C(C2=C(C1=O)C(O)=C(C)C(O)=C2[*])=O)C,5,-1,attacker,[*]NC1=C(C)C(C2=C(C(O)=C(C(O)=C2[*:1])C)C1=O)=O,[],[],[],[],[],
930,Chaxamycin A,naphthalene,[*]NC1=C(C(C2=C(C1=O)C(O)=C(C)C(O)=C2[*])=O)C,6,-1,reciever,[*:1]NC1=C(C)C(C2=C(C(O)=C(C(O)=C2[*])C)C1=O)=O,[],[],[],[],[],
1299,Corallopyronin A,"a-pyrone ",[*]C(C1=C(C=C(OC1=O)[*])O)=O,1,1,Mal-KS-TE,[*][C:1]([C:3]1=C(C=C(O[C:4]1=[O:5])[*])O)=[O:2],['pks'],['Mal'],['KS'],['CorB'],[],
1299,Corallopyronin A,"a-pyrone ",[*]C(C1=C(C=C(OC1=O)[*])O)=O,2,2,Mal-KS-TE,[*]C(C1=[C:1]([CH:3]=[C:4]([O:5]C1=O)[*])[OH:2])=O,['pks'],['Mal'],['KS'],['CorB'],[],
1035,Pyoverdin,"DADHQ (2,3-diamino-6,7-dihydroxyquinoline)",Oc1c(O)cc(N2C3=NCCC2C([*])=O)c(C=C3N[*])c1,3,1,Tyr,[OH:1][c:2]1[cH:12][c:8]([CH:9]=[C:10]2[NH:11][*])[c:6](N3[C:7]2=NCCC3C([*])=O)[cH:5][c:3]1[OH:4],['nrps'],['Try'],[],"['PvdP', 'PvdN', 'PvdO']",[],
1035,Pyoverdin,"DADHQ (2,3-diamino-6,7-dihydroxyquinoline)",Oc1c(O)cc(N2C3=NCCC2C([*])=O)c(C=C3N[*])c1,4,2,Dab-cyclic,Oc1cc(C=C2N[*])c([N:1]3C2=[N:2][CH2:3][CH2:4][CH:5]3[C:6]([*])=[O:7])cc1O,['nrps'],['Dab'],[],[],[],
1035,Pyoverdin,"DADHQ (2,3-diamino-6,7-dihydroxyquinoline)",Oc1c(O)cc(N2C3=NCCC2C([*])=O)c(C=C3N[*])c1,5,-1,attacker,Oc1cc(C=C2N[*])c(N3C2=NCCC3C([*:1])=O)cc1O,[],[],[],[],[],
1035,Pyoverdin,"DADHQ (2,3-diamino-6,7-dihydroxyquinoline)",Oc1c(O)cc(N2C3=NCCC2C([*])=O)c(C=C3N[*])c1,6,-1,reciever,Oc1cc(C=C2N[*:1])c(N3C2=NCCC3C([*])=O)cc1O,[],[],[],[],[],
562,Streptoseomycin,streptoseomycin-cyclic,COC1C[C@H]2C=C[C@H]3C[C@@H]4C[C@H]([C@H]3[C@@]2(/C(C)=C/[C@H]([C@H](OC1=O)[C@H](O)CO[*])CO[*])O4)O,1,1,MeMal-Starter,COC1C[C@H]2C=C[C@H]3C[C@@H]4C[C@@H](O)[C@H]3[C@]2(O4)/C(C)=C/[C@@H](CO[*])[C@@H]([C@@H:1]([CH2:2]O[*])O)OC1=O,['pks'],['MeMal'],[],[],[],
562,Streptoseomycin,streptoseomycin-cyclic,COC1C[C@H]2C=C[C@H]3C[C@@H]4C[C@H]([C@H]3[C@@]2(/C(C)=C/[C@H]([C@H](OC1=O)[C@H](O)CO[*])CO[*])O4)O,2,2,MeMal-KR,COC1C[C@H]2C=C[C@H]3C[C@@H]4C[C@@H](O)[C@H]3[C@]2(O4)/C(C)=C/[C@@H:2]([CH2:1]O[*])[C@@H:3]([C@@H](CO[*])O)[O:4]C1=O,['pks'],['MeMal'],['KR'],[],[],
562,Streptoseomycin,streptoseomycin-cyclic,COC1C[C@H]2C=C[C@H]3C[C@@H]4C[C@H]([C@H]3[C@@]2(/C(C)=C/[C@H]([C@H](OC1=O)[C@H](O)CO[*])CO[*])O4)O,3,3,MeMal-DH,COC1C[C@H]2C=C[C@H]3C[C@@H]4C[C@@H](O)[C@H]3[C@]2(O4)/[C:1]([CH3:2])=[CH:3]/[C@@H](CO[*])[C@@H]([C@@H](CO[*])O)OC1=O,['pks'],['MeMal'],['DH'],[],[],
562,Streptoseomycin,streptoseomycin-cyclic,COC1C[C@H]2C=C[C@H]3C[C@@H]4C[C@H]([C@H]3[C@@]2(/C(C)=C/[C@H]([C@H](OC1=O)[C@H](O)CO[*])CO[*])O4)O,4,4,Mal-DH,COC1C[C@H]2C=C[C@H]3C[C@@H]4C[C@H]([C@H:1]3[C@@:2]2(/C(C)=C/[C@H]([C@H](OC1=O)[C@H](O)CO[*])CO[*])O4)O,['pks'],['Mal'],['DH'],[],[],
562,Streptoseomycin,streptoseomycin-cyclic,COC1C[C@H]2C=C[C@H]3C[C@@H]4C[C@H]([C@H]3[C@@]2(/C(C)=C/[C@H]([C@H](OC1=O)[C@H](O)CO[*])CO[*])O4)O,5,5,Mal-KR,COC1C[C@H]2C=C[C@H]3C[C@@H]4C[C@@H](O)[C@H:1]3[C@:2]2([O:3]4)/C(C)=C/[C@@H](CO[*])[C@@H]([C@@H](CO[*])O)OC1=O,['pks'],['Mal'],['KR'],[],[],
562,Streptoseomycin,streptoseomycin-cyclic,COC1C[C@H]2C=C[C@H]3C[C@@H]4C[C@H]([C@H]3[C@@]2(/C(C)=C/[C@H]([C@H](OC1=O)[C@H](O)CO[*])CO[*])O4)O,6,6,Mal-KR,COC1C[C@H]2C=C[C@H]3C[C@@H]4[CH2:1][C@@H:2]([OH:3])[C@H]3[C@]2(O4)/C(C)=C/[C@@H](CO[*])[C@@H]([C@@H](CO[*])O)OC1=O,['pks'],['Mal'],['KR'],[],[],
562,Streptoseomycin,streptoseomycin-cyclic,COC1C[C@H]2C=C[C@H]3C[C@@H]4C[C@H]([C@H]3[C@@]2(/C(C)=C/[C@H]([C@H](OC1=O)[C@H](O)CO[*])CO[*])O4)O,7,7,Mal-DH,COC1C[C@H]2C=C[C@H]3[CH2:1][C@@H:2]4C[C@@H](O)[C@H]3[C@]2(O4)/C(C)=C/[C@@H](CO[*])[C@@H]([C@@H](CO[*])O)OC1=O,['pks'],['Mal'],['DH'],[],[],
562,Streptoseomycin,streptoseomycin-cyclic,COC1C[C@H]2C=C[C@H]3C[C@@H]4C[C@H]([C@H]3[C@@]2(/C(C)=C/[C@H]([C@H](OC1=O)[C@H](O)CO[*])CO[*])O4)O,8,8,Mal-DH,COC1C[C@H]2C=[CH:1][C@H:2]3C[C@@H]4C[C@@H](O)[C@H]3[C@]2(O4)/C(C)=C/[C@@H](CO[*])[C@@H]([C@@H](CO[*])O)OC1=O,['pks'],['Mal'],['DH'],[],[],
562,Streptoseomycin,streptoseomycin-cyclic,COC1C[C@H]2C=C[C@H]3C[C@@H]4C[C@H]([C@H]3[C@@]2(/C(C)=C/[C@H]([C@H](OC1=O)[C@H](O)CO[*])CO[*])O4)O,9,9,Mal-DH-TE,CO[CH:1]1[CH2:2][C@H]2C=C[C@H]3C[C@@H]4C[C@@H](O)[C@H]3[C@]2(O4)/C(C)=C/[C@@H](CO[*])[C@@H]([C@@H](CO[*])O)O[C:3]1=[O:4],['pks'],['Mal'],['DH'],[],[],
562,Streptoseomycin,streptoseomycin-cyclic,COC1C[C@H]2C=C[C@H]3C[C@@H]4C[C@H]([C@H]3[C@@]2(/C(C)=C/[C@H]([C@H](OC1=O)[C@H](O)CO[*])CO[*])O4)O,10,-1,O,COC1C[C@H]2C=C[C@H]3C[C@@H]4C[C@H]([C@H]3[C@@]2(/C(C)=C/[C@H]([C@H](OC1=O)[C@H]([OH:3])C[O:2][*])C[O:1][*])O4)O,[],[],[],[],[],
562,Streptoseomycin,streptoseomycin-cyclic,COC1C[C@H]2C=C[C@H]3C[C@@H]4C[C@H]([C@H]3[C@@]2(/C(C)=C/[C@H]([C@H](OC1=O)[C@H](O)CO[*])CO[*])O4)O,11,-1,OMe,[CH3:1][O:2]C1C[C@H]2C=C[C@H]3C[C@@H]4C[C@H]([C@H]3[C@@]2(/C(C)=C/[C@H]([C@H](OC1=O)[C@H](O)CO[*])CO[*])O4)O,[],[],[],[],[],
562,Streptoseomycin,streptoseomycin-cyclic,COC1C[C@H]2C=C[C@H]3C[C@@H]4C[C@H]([C@H]3[C@@]2(/C(C)=C/[C@H]([C@H](OC1=O)[C@H](O)CO[*])CO[*])O4)O,12,-1,attacker,COC1C[C@H]2C=C[C@H]3C[C@@H]4C[C@H]([C@H]3[C@@]2(/C(C)=C/[C@H]([C@H](OC1=O)[C@H](O)CO[*:1])CO[*])O4)O,[],[],[],[],[],
562,Streptoseomycin,streptoseomycin-cyclic,COC1C[C@H]2C=C[C@H]3C[C@@H]4C[C@H]([C@H]3[C@@]2(/C(C)=C/[C@H]([C@H](OC1=O)[C@H](O)CO[*])CO[*])O4)O,13,-1,reciever,COC1C[C@H]2C=C[C@H]3C[C@@H]4C[C@H]([C@H]3[C@@]2(/C(C)=C/[C@H]([C@H](OC1=O)[C@H](O)CO[*])CO[*:1])O4)O,[],[],[],[],[],
977,Nemadectin,cyclohexene-furan,[*]C(C1C=C([C@H]([C@H]2OC/C([C@@]12O)=C\[*])O)C)=O,1,1,MeMal-DH,[*]C(C1C=C([C@H]([C@H]2O[CH2:1]/[C:2]([C@@]12O)=[CH:3]\[*])O)C)=O,['pks'],['MeMal'],['DH'],[],[],
977,Nemadectin,cyclohexene-furan,[*]C(C1C=C([C@H]([C@H]2OC/C([C@@]12O)=C\[*])O)C)=O,2,2,Mal-KS,[*]C(C1C=C([C@H]([C@H:1]2OC/C([C@@:2]12[OH:3])=C\[*])O)C)=O,['pks'],['Mal'],['KS'],[],[],
977,Nemadectin,cyclohexene-furan,[*]C(C1C=C([C@H]([C@H]2OC/C([C@@]12O)=C\[*])O)C)=O,3,3,Mal-KS-R,[*]C(C1C=[C:1]([C@H:3]([C@H]2OC/C([C@@]12O)=C\[*])[OH:4])[CH3:2])=O,['pks'],['Mal'],['KS'],['AveF'],[],
977,Nemadectin,cyclohexene-furan,[*]C(C1C=C([C@H]([C@H]2OC/C([C@@]12O)=C\[*])O)C)=O,4,4,Mal-DH-TE,[*][C:1]([CH:3]1[CH:4]=C([C@H]([C@H]2OC/C([C@@]12O)=C\[*])O)C)=[O:2],['pks'],['Mal'],['DH'],[],[],
977,Nemadectin,cyclohexene-furan,[*]C(C1C=C([C@H]([C@H]2OC/C([C@@]12O)=C\[*])O)C)=O,5,-1,O,[*]C(C1C=C([C@H]([C@H]2[O:1]C/C([C@@]12O)=C\[*])O)C)=O,[],[],[],['AveE'],[],
977,Nemadectin,cyclohexene-furan,[*]C(C1C=C([C@H]([C@H]2OC/C([C@@]12O)=C\[*])O)C)=O,6,-1,attacker,[*:1]C(C1C=C([C@H]([C@H]2OC/C([C@@]12O)=C\[*])O)C)=O,[],[],[],[],[],
977,Nemadectin,cyclohexene-furan,[*]C(C1C=C([C@H]([C@H]2OC/C([C@@]12O)=C\[*])O)C)=O,7,-1,reciever,[*]C(C1C=C([C@H]([C@H]2OC/C([C@@]12O)=C\[*:1])O)C)=O,[],[],[],[],[],
1978,Abyssomicin C,cyclohexane-tetronate,[*][C@H]1[C@@]23C(O[C@@H]([C@@H]1O)C(C2)C)=C(C([*])=O)C(O3)=O,1,1,Mal-Starter,[*][C@H]1[C@@]23C(O[C@@H]([C@@H]1O)C(C2)[CH3:1])=C(C([*])=O)C(O3)=O,['pks'],['Mal'],[],[],[],
1978,Abyssomicin C,cyclohexane-tetronate,[*][C@H]1[C@@]23C(O[C@@H]([C@@H]1O)C(C2)C)=C(C([*])=O)C(O3)=O,2,2,Mal-DH,[*][C@H]1[C@@]23C(O[C@@H:1]([C@@H]1O)[CH:2](C2)C)=C(C([*])=O)C(O3)=O,['pks'],['Mal'],['DH'],[],[],
1978,Abyssomicin C,cyclohexane-tetronate,[*][C@H]1[C@@]23C(O[C@@H]([C@@H]1O)C(C2)C)=C(C([*])=O)C(O3)=O,3,3,OH-Mal-DH,[*][C@H:1]1[C@@]23C(O[C@@H]([C@@H:2]1[OH:3])C(C2)C)=C(C([*])=O)C(O3)=O,['pks'],['Mal'],['DH'],[],[],
1978,Abyssomicin C,cyclohexane-tetronate,[*][C@H]1[C@@]23C(O[C@@H]([C@@H]1O)C(C2)C)=C(C([*])=O)C(O3)=O,4,4,Mal-KS-tetranote,[*][C@H]1[C@@:1]23[C:2]([O:3][C@@H]([C@@H]1O)C([CH2:4]2)C)=[C:5]([C:9]([*])=[O:10])[C:6]([O:7]3)=[O:8],['pks'],['Mal'],['KS'],"['AbyA1', 'AbyA3', 'AbyA5']",[],
1978,Abyssomicin C,cyclohexane-tetronate,[*][C@H]1[C@@]23C(O[C@@H]([C@@H]1O)C(C2)C)=C(C([*])=O)C(O3)=O,5,-1,attacker,[*:1][C@H]1[C@@]23C(O[C@@H]([C@@H]1O)C(C2)C)=C(C([*])=O)C(O3)=O,[],[],[],[],[],
1978,Abyssomicin C,cyclohexane-tetronate,[*][C@H]1[C@@]23C(O[C@@H]([C@@H]1O)C(C2)C)=C(C([*])=O)C(O3)=O,6,-1,reciever,[*][C@H]1[C@@]23C(O[C@@H]([C@@H]1O)C(C2)C)=C(C([*:1])=O)C(O3)=O.[*][C@H]4[C@@]56C(O[C@@H]([C@@H]4O)C(C5)C)=C(C([*:1])=O)C(O6)=O,[],[],[],[],[],
1269,Maklamicin,cyclohexene-tetronate-1,[*]C(C1C(O[C@@]2(C1=O)C[C@H](C(CO)=C[C@]2([*])C)[*])=O)=O,1,1,Mal-Starter,[*]C(C1C(O[C@]2(C[C@@H](CC([CH3:1])O)C(CO)=C[C@@]2(C)[*])C1=O)=O)=O,['pks'],['Mal'],[],[],[],
1269,Maklamicin,cyclohexene-tetronate-1,[*]C(C1C(O[C@@]2(C1=O)C[C@H](C(CO)=C[C@]2([*])C)[*])=O)=O,2,2,Mal-KR,[*]C(C1C(O[C@]2(C[C@@H]([CH2:2][CH:3](C)[OH:1])C(CO)=C[C@@]2(C)[*])C1=O)=O)=O,['pks'],['Mal'],['KR'],[],[],
1269,Maklamicin,cyclohexene-tetronate-1,[*]C(C1C(O[C@@]2(C1=O)C[C@H](C(CO)=C[C@]2([*])C)[*])=O)=O,3,3,MeMal-DH,[*]C(C1C(O[C@]2(C[C@@H:1](CC(C)O)[C:2]([CH2:3]O)=C[C@@]2(C)[*])C1=O)=O)=O,['pks'],['MeMal'],['DH'],[],[],
1269,Maklamicin,cyclohexene-tetronate-1,[*]C(C1C(O[C@@]2(C1=O)C[C@H](C(CO)=C[C@]2([*])C)[*])=O)=O,4,4,MeMal-DH,[*]C(C1C(O[C@]2(C[C@@H](CC(C)O)C(CO)=[CH:1][C@@:2]2([CH3:3])[*])C1=O)=O)=O,['pks'],['MeMal'],['DH'],[],[],
1269,Maklamicin,cyclohexene-tetronate-1,[*]C(C1C(O[C@@]2(C1=O)C[C@H](C(CO)=C[C@]2([*])C)[*])=O)=O,5,5,Mal-KS-tetranote,[*][C:1]([CH:2]1[C:3]([O:4][C@:5]2([CH2:8][C@@H](CC(C)O)C(CO)=C[C@@]2(C)[*])[C:6]1=[O:7])=[O:9])=[O:10],['pks'],['Mal'],['KS'],"['MakB1', 'MakB2', 'MakB3', 'MakB4', 'MakB5']",[],
1269,Maklamicin,cyclohexene-tetronate-1,[*]C(C1C(O[C@@]2(C1=O)C[C@H](C(CO)=C[C@]2([*])C)[*])=O)=O,6,-1,hydroxyl,[*]C(C1C(O[C@]2(C[C@@H](CC(C)O)C(C[OH:1])=C[C@@]2(C)[*])C1=O)=O)=O,[],[],[],['MakC2'],[],OH
1269,Maklamicin,cyclohexene-tetronate-1,[*]C(C1C(O[C@@]2(C1=O)C[C@H](C(CO)=C[C@]2([*])C)[*])=O)=O,7,-1,attacker,[*]C(C1C(O[C@]2(C[C@@H](CC(C)O)C(CO)=C[C@@]2(C)[*:1])C1=O)=O)=O,[],[],[],[],[],
1269,Maklamicin,cyclohexene-tetronate-1,[*]C(C1C(O[C@@]2(C1=O)C[C@H](C(CO)=C[C@]2([*])C)[*])=O)=O,8,-1,reciever,[*:1]C(C1C(O[C@]2(C[C@@H](CC(C)O)C(CO)=C[C@@]2(C)[*])C1=O)=O)=O,[],[],[],[],[],
1558,Tetrocarcin A,cyclohexene-tetronate-2,[*]C(C1C(OC2(CC(C=O)=CC(O)C2[*])C1=O)=O)=O,1,1,Mal-Starter-Ox,[*]C(C1C(OC2(CC([CH:1]=[O:2])=CC(O)C2[*])C1=O)=O)=O,['pks'],['Mal'],['KS'],['TcaE1'],[],
1558,Tetrocarcin A,cyclohexene-tetronate-2,[*]C(C1C(OC2(CC(C=O)=CC(O)C2[*])C1=O)=O)=O,2,2,Mal-DH,[*]C(C1C(OC2(C[C:1](C=O)=[CH:2]C(O)C2[*])C1=O)=O)=O,['pks'],['Mal'],['DH'],[],[],
1558,Tetrocarcin A,cyclohexene-tetronate-2,[*]C(C1C(OC2(CC(C=O)=CC(O)C2[*])C1=O)=O)=O,3,3,OH-Mal-DH,[*]C(C1C(OC2(CC(C=O)=C[CH:1]([OH:3])[CH:2]2[*])C1=O)=O)=O,['pks'],['Mal'],['DH'],['TcaE2'],[],
1558,Tetrocarcin A,cyclohexene-tetronate-2,[*]C(C1C(OC2(CC(C=O)=CC(O)C2[*])C1=O)=O)=O,4,4,Mal-KS-tetranote,[*][C:1]([CH:2]1[C:3]([O:4][C:5]2([CH2:8]C(C=O)=CC(O)C2[*])[C:6]1=[O:7])=[O:9])=[O:10],['pks'],['Mal'],['KS'],"['TcaD1', 'TcaD3', 'TcaD2']",[],
1558,Tetrocarcin A,cyclohexene-tetronate-2,[*]C(C1C(OC2(CC(C=O)=CC(O)C2[*])C1=O)=O)=O,5,-1,attacker,[*]C(C1C(OC2(CC(C=O)=CC(O)C2[*:1])C1=O)=O)=O,[],[],[],[],[],
1558,Tetrocarcin A,cyclohexene-tetronate-2,[*]C(C1C(OC2(CC(C=O)=CC(O)C2[*])C1=O)=O)=O,6,-1,reciever,[*:1]C(C1C(OC2(CC(C=O)=CC(O)C2[*])C1=O)=O)=O,[],[],[],[],[],
1578,Argimycin PIV,cyclopenta[b]pyridine,[*]/C=C1C=CC2NCC[C@H]([C@@]2\1O)O,1,1,Mal-DH,[*]/[CH:1]=[C:2]1C=CC2NCC[C@H]([C@@]2\1O)O,['pks'],['Mal'],['DH'],"['ArpDHI', 'ArpDHII']",[],
1578,Argimycin PIV,cyclopenta[b]pyridine,[*]/C=C1C=CC2NCC[C@H]([C@@]2\1O)O,2,2,Mal-DH,[*]/C=C1[CH:1]=[CH:2]C2NCC[C@H]([C@@]2\1O)O,['pks'],['Mal'],['DH'],[],[],
1578,Argimycin PIV,cyclopenta[b]pyridine,[*]/C=C1C=CC2NCC[C@H]([C@@]2\1O)O,3,3,Mal-KS,[*]/C=C1C=C[CH:1]2NCC[C@H]([C@@:2]2\1O)O,['pks'],['Mal'],['KS'],"['ArpDHI', 'ArpDHII']",[],
1578,Argimycin PIV,cyclopenta[b]pyridine,[*]/C=C1C=CC2NCC[C@H]([C@@]2\1O)O,4,4,Mal-KR-TR-AMT,[*]/C=C1C=CC2[NH:1][CH2:2][CH2:3][C@H:4]([C@@]2\1O)[OH:5],['pks'],['Mal'],"['KR', 'TR']",['ArpN'],[],
1578,Argimycin PIV,cyclopenta[b]pyridine,[*]/C=C1C=CC2NCC[C@H]([C@@]2\1O)O,5,-1,hydroxyl,[*]/C=C1C=CC2NCC[C@H]([C@@]2\1[OH:1])O,[],[],[],[],[],OH
1578,Argimycin PIV,cyclopenta[b]pyridine,[*]/C=C1C=CC2NCC[C@H]([C@@]2\1O)O,6,-1,reciever,[*:1]/C=C1C=CC2NCC[C@@H](O)[C@@]2\1O,[],[],[],[],[],
858,Avermectin A1a,avermectin_bicyclic,[*]/C=C1COC2C(C(C)=CC(C\12O)C([*])=O)OC,1,1,MeMal-DH,[*]/[CH:1]=[C:2]1[CH2:3]OC2C(C(C)=CC(C\12O)C([*])=O)OC,['pks'],['MeMal'],['DH'],['AveE'],[],
858,Avermectin A1a,avermectin_bicyclic,[*]/C=C1COC2C(C(C)=CC(C\12O)C([*])=O)OC,2,2,Mal-KS,[*]/C=C1CO[CH:1]2C(C(C)=CC([C:2]\12[OH:3])C([*])=O)OC,['pks'],['Mal'],['KS'],['AveE'],[],
858,Avermectin A1a,avermectin_bicyclic,[*]/C=C1COC2C(C(C)=CC(C\12O)C([*])=O)OC,3,3,MeMal-KS,[*]/C=C1COC2[CH:1]([C:3]([CH3:4])=CC(C\12O)C([*])=O)[O:2]C,['pks'],['MeMal'],['KS'],['AveF'],[],
858,Avermectin A1a,avermectin_bicyclic,[*]/C=C1COC2C(C(C)=CC(C\12O)C([*])=O)OC,4,4,Mal-DH-TE,[*]/C=C1COC2C(C(C)=[CH:1][CH:2](C\12O)[C:3]([*])=[O:4])OC,['pks'],['Mal'],['DH'],[],[],
858,Avermectin A1a,avermectin_bicyclic,[*]/C=C1COC2C(C(C)=CC(C\12O)C([*])=O)OC,5,-1,O,[*]/C=C1C[O:1]C2C(C(C)=CC(C\12O)C([*])=O)OC,[],[],[],['AveE'],[],
858,Avermectin A1a,avermectin_bicyclic,[*]/C=C1COC2C(C(C)=CC(C\12O)C([*])=O)OC,6,-1,Me,[*]/C=C1COC2C(C(C)=CC(C\12O)C([*])=O)O[CH3:1],[],[],[],[],[],
858,Avermectin A1a,avermectin_bicyclic,[*]/C=C1COC2C(C(C)=CC(C\12O)C([*])=O)OC,7,-1,attacker,[*]/C=C1COC2C(OC)C(C)=CC(C([*:1])=O)C\12O,[],[],[],[],[],
858,Avermectin A1a,avermectin_bicyclic,[*]/C=C1COC2C(C(C)=CC(C\12O)C([*])=O)OC,8,-1,reciever,[*:1]/C=C1COC2C(OC)C(C)=CC(C([*])=O)C\12O,[],[],[],[],[],
674,Mocimycin,pyridone,[*]C(C1=C(NC=CC1=O)O)=O,1,1,Mal-KS-TE,[*][C:1]([C:2]1=[C:3](NC=CC1=O)[OH:4])=[O:5],['pks'],['Mal'],['KS'],[],[],
674,Mocimycin,pyridone,[*]C(C1=C(NC=CC1=O)O)=O,2,2,DH-beta-Ala,[*]C(C1=C([NH:1][CH:2]=[CH:3][C:4]1=[O:5])O)=O,['nrps'],['beta-Ala'],[],[],[],
674,Mocimycin,pyridone,[*]C(C1=C(NC=CC1=O)O)=O,3,-1,reciever,[*:1]C(C1=C(O)NC=CC1=O)=O,[],[],[],[],[],
1322,Chlorotonil A,chlorotonil_decalin,[*]C1C=CC2CC(C)=CC(C2C1[*])C,1,1,Mal-DH-DA,[*][CH:1]1[CH:2]=CC2CC(C)=CC(C)C2C1[*],['pks'],['Mal'],['DH'],[],[],
1322,Chlorotonil A,chlorotonil_decalin,[*]C1C=CC2CC(C)=CC(C2C1[*])C,2,2,Mal-DH-DA,[*]C1C=[CH:1][CH:2]2CC(C)=CC(C)C2C1[*],['pks'],['Mal'],['DH'],[],[],
1322,Chlorotonil A,chlorotonil_decalin,[*]C1C=CC2CC(C)=CC(C2C1[*])C,3,3,Mal-ER-cMT,[*]C1C=CC2[CH2:1][C:2]([CH3:3])=CC(C)C2C1[*],['pks'],['Mal'],"['ER', 'cMT']",[],[],
1322,Chlorotonil A,chlorotonil_decalin,[*]C1C=CC2CC(C)=CC(C2C1[*])C,4,4,Mal-DH-cMT-DS,[*]C1C=CC2CC(C)=[CH:1][CH:2]([CH3:3])C2C1[*],['pks'],['Mal'],"['DH', 'cMT']",[],[],
1322,Chlorotonil A,chlorotonil_decalin,[*]C1C=CC2CC(C)=CC(C2C1[*])C,5,5,Mal-DH-DA,[*]C1C=CC2CC(C)=CC(C)[CH:1]2[CH:2]1[*],['pks'],['Mal'],['DH'],[],[],
1322,Chlorotonil A,chlorotonil_decalin,[*]C1C=CC2CC(C)=CC(C2C1[*])C,6,-1,attacker,[*]C1C=CC2CC(C)=CC(C)C2C1[*:1],[],[],[],[],[],
1322,Chlorotonil A,chlorotonil_decalin,[*]C1C=CC2CC(C)=CC(C2C1[*])C,7,-1,reciever,[*:1]C1C=CC2CC(C)=CC(C)C2C1[*],[],[],[],[],[],
659164,Ossamycin,OH-isoButMal-KS,CC1(C)C[C@@H]([*])[C@](O)([*])O1,1,1,isoButMal-KS,[CH3:1][C:2]1([CH2:4][C@H:5]([C@:6]([*])(O1)[OH:7])[*])[CH3:3],['pks'],['isoButMal'],['KS'],[],[],
659164,Ossamycin,OH-isoButMal-KS,CC1(C)C[C@@H]([*])[C@](O)([*])O1,2,-1,hydroxyl,CC1(C)C[C@@H]([*])[C@](O)([*])[O:1]1,[],[],[],['OssL'],[],
659164,Ossamycin,OH-isoButMal-KS,CC1(C)C[C@@H]([*])[C@](O)([*])O1,3,-1,attacker,CC1(C[C@H]([C@]([*])(O1)O)[*:1])C,[],[],[],[],[],
659164,Ossamycin,OH-isoButMal-KS,CC1(C)C[C@@H]([*])[C@](O)([*])O1,4,-1,reciever,CC1(C[C@H]([C@]([*:1])(O1)O)[*])C,[],[],[],[],[],
659170,Scopranone B,scopranone-furanone B,CCC(CC1=C(OC(C1=O)CC)[*])CC,1,1,2EtButMal-KS,[CH3:1][CH2:2][CH:3]([CH2:6][C:7]1=[C:8](OC(C1=O)CC)[*])[CH2:4][CH3:5],['pks'],['2EtButMal'],['KS'],"['SprQ', 'SprP', 'SprR', 'SprO']",[],
659170,Scopranone B,scopranone-furanone B,CCC(CC1=C(OC(C1=O)CC)[*])CC,2,2,EtMal-KS,CCC(CC1=C(O[CH:1]([C:4]1=[O:5])[CH2:2][CH3:3])[*])CC,['pks'],['EtMal'],['KS'],[],[],
659170,Scopranone B,scopranone-furanone B,CCC(CC1=C(OC(C1=O)CC)[*])CC,3,-1,hydroxyl,CCC(CC1=C([O:1]C(C1=O)CC)[*])CC,[],[],[],['SprT'],[],
659170,Scopranone B,scopranone-furanone B,CCC(CC1=C(OC(C1=O)CC)[*])CC,5,-1,reciever,CCC(CC)CC1=C([*:1])OC(CC)C1=O,[],[],[],[],[],
659170,Scopranone A,scopranone-furanone A,CCC(CC)CC1=C([*])OC(CC)(O)C1=O,1,1,2EtButMal-KS,[CH3:1][CH2:2][CH:3]([CH2:7][CH3:8])[CH2:4][C:5]1=[C:6]([*])OC(C1=O)(CC)O,['pks'],['2EtButMal'],['KS'],"['SprQ', 'SprP', 'SprR', 'SprO']",[],
659170,Scopranone A,scopranone-furanone A,CCC(CC)CC1=C([*])OC(CC)(O)C1=O,2,2,EtMal-KS,CCC(CC)CC1=C([*])O[C:1]([C:2]1=[O:3])([CH2:4][CH3:5])O,['pks'],['EtMal'],['KS'],[],[],
659170,Scopranone A,scopranone-furanone A,CCC(CC)CC1=C([*])OC(CC)(O)C1=O,3,-1,hydroxyl,CCC(CC)CC1=C([*])[O:1]C(C1=O)(CC)O,[],[],[],['SprT'],[],
659170,Scopranone A,scopranone-furanone A,CCC(CC)CC1=C([*])OC(CC)(O)C1=O,4,-1,hydroxyl,CCC(CC)CC1=C([*])OC(C1=O)(CC)[OH:1],[],[],[],['SprT'],[],
659170,Scopranone A,scopranone-furanone A,CCC(CC)CC1=C([*])OC(CC)(O)C1=O,6,-1,reciever,CCC(CC)CC1=C([*:1])OC(CC)(O)C1=O.CCC(CC)CC2=C([*:1])OC(CC)(O)C2=O,[],[],[],[],[],
659170,scopranone C,scopranone-furanone C,CCC(CC)CC1=C([*])OC(C(O)C)(O)C1=O,1,1,2EtButMal-KS,[CH3:1][CH2:2][CH:3]([CH2:6][C:7]1=[C:8](OC(O)(C1=O)C(C)O)[*])[CH2:4][CH3:5],['pks'],['2EtButMal'],['KS'],"['SprQ', 'SprP', 'SprR', 'SprO']",[],
659170,scopranone C,scopranone-furanone C,CCC(CC)CC1=C([*])OC(C(O)C)(O)C1=O,2,2,EtMal-KS,CCC(CC1=C(O[C:1](O)([C:4]1=[O:5])[CH:2]([CH3:3])O)[*])CC,['pks'],['EtMal'],['KS'],[],[],
659170,scopranone C,scopranone-furanone C,CCC(CC)CC1=C([*])OC(C(O)C)(O)C1=O,3,-1,hydroxyl,CCC(CC1=C([O:1]C(O)(C1=O)C(C)O)[*])CC,[],[],[],['SprT'],[],
659170,scopranone C,scopranone-furanone C,CCC(CC)CC1=C([*])OC(C(O)C)(O)C1=O,4,-1,hydroxyl,CCC(CC1=C(OC([OH:1])(C1=O)C(C)O)[*])CC,[],[],[],['SprT'],[],
659170,scopranone C,scopranone-furanone C,CCC(CC)CC1=C([*])OC(C(O)C)(O)C1=O,5,-1,hydroxyl,CCC(CC1=C(OC(O)(C1=O)C(C)[OH:1])[*])CC,[],[],[],[],[],
659170,scopranone C,scopranone-furanone C,CCC(CC)CC1=C([*])OC(C(O)C)(O)C1=O,7,-1,reciever,CCC(CC)CC1=C([*:1])OC(C(O)C)(O)C1=O,[],[],[],[],[],
659166,Shuangdaolide A,"bicyclic [5,6] spiroketal",C[C@@H]1CC[C@]2(O[C@H]1[C@H]([*])C)C=CCO2,1,1,Mal-KS,C[C@@H]1CC[C@@]2(C=C[CH2:1]O2)O[C@H]1[C@@H](C)[*],['pks'],['Mal'],['KS'],[],[],
659166,Shuangdaolide A,"bicyclic [5,6] spiroketal",C[C@@H]1CC[C@]2(O[C@H]1[C@H]([*])C)C=CCO2,2,2,Mal-DH,C[C@@H]1CC[C@@]2([CH:1]=[CH:2]CO2)O[C@H]1[C@@H](C)[*],['pks'],['Mal'],['DH'],[],[],
659166,Shuangdaolide A,"bicyclic [5,6] spiroketal",C[C@@H]1CC[C@]2(O[C@H]1[C@H]([*])C)C=CCO2,3,3,Mal-KR,C[C@@H]1C[CH2:1][C@@:2]2(C=CCO2)O[C@H]1[C@@H](C)[*],['pks'],['Mal'],['KR'],['SdlI'],[],
659166,Shuangdaolide A,"bicyclic [5,6] spiroketal",C[C@@H]1CC[C@]2(O[C@H]1[C@H]([*])C)C=CCO2,4,4,MeMal-ER,[CH3:1][C@@H:2]1[CH2:3]C[C@@]2(C=CCO2)O[C@H]1[C@@H](C)[*],['pks'],['MeMal'],['ER'],[],[],
659166,Shuangdaolide A,"bicyclic [5,6] spiroketal",C[C@@H]1CC[C@]2(O[C@H]1[C@H]([*])C)C=CCO2,5,5,MeMal-KR,C[C@@H]1CC[C@@]2(C=CCO2)[O:1][C@H:2]1[C@@H:3]([CH3:4])[*],['pks'],['MeMal'],['KR'],[],[],
659166,Shuangdaolide A,"bicyclic [5,6] spiroketal",C[C@@H]1CC[C@]2(O[C@H]1[C@H]([*])C)C=CCO2,6,-1,hydroxyl,C[C@@H]1CC[C@@]2(C=CC[O:1]2)O[C@H]1[C@@H](C)[*],[],[],[],[],[],
659166,Shuangdaolide A,"bicyclic [5,6] spiroketal",C[C@@H]1CC[C@]2(O[C@H]1[C@H]([*])C)C=CCO2,7,-1,attacker,C[C@@H]1CC[C@@]2(C=CCO2)O[C@H]1[C@@H](C)[*:1],[],[],[],[],[],
659166,Shuangdaolide B,"bicyclic [5,6] spiroketal-ER",C[C@@H]1CC[C@@]2(CCCO2)O[C@H]1[C@@H](C)[*],1,1,Mal-KS,C[C@@H]1CC[C@@]2(CC[CH2:1]O2)O[C@H]1[C@@H](C)[*],['pks'],['Mal'],['KS'],[],[],
659166,Shuangdaolide B,"bicyclic [5,6] spiroketal-ER",C[C@@H]1CC[C@@]2(CCCO2)O[C@H]1[C@@H](C)[*],2,2,Mal-ER,C[C@@H]1CC[C@@]2([CH2:1][CH2:2]CO2)O[C@H]1[C@@H](C)[*],['pks'],['Mal'],['ER'],['SdlI'],[],
659166,Shuangdaolide B,"bicyclic [5,6] spiroketal-ER",C[C@@H]1CC[C@@]2(CCCO2)O[C@H]1[C@@H](C)[*],3,3,Mal-KR,C[C@@H]1C[CH2:1][C@@:2]2(CCCO2)O[C@H]1[C@@H](C)[*],['pks'],['Mal'],['KR'],['SdlI'],[],
659166,Shuangdaolide B,"bicyclic [5,6] spiroketal-ER",C[C@@H]1CC[C@@]2(CCCO2)O[C@H]1[C@@H](C)[*],4,4,MeMal-ER,[CH3:1][C@@H:2]1[CH2:3]C[C@@]2(CCCO2)O[C@H]1[C@@H](C)[*],['pks'],['MeMal'],['ER'],[],[],
659166,Shuangdaolide B,"bicyclic [5,6] spiroketal-ER",C[C@@H]1CC[C@@]2(CCCO2)O[C@H]1[C@@H](C)[*],5,5,MeMal-KR,C[C@@H]1CC[C@@]2(CCCO2)[O:1][C@H:2]1[C@@H:3]([CH3:4])[*],['pks'],['MeMal'],['KR'],[],[],
659166,Shuangdaolide B,"bicyclic [5,6] spiroketal-ER",C[C@@H]1CC[C@@]2(CCCO2)O[C@H]1[C@@H](C)[*],6,-1,hydroxyl,C[C@@H]1CC[C@@]2(CCC[O:1]2)O[C@H]1[C@@H](C)[*],[],[],[],[],[],
659166,Shuangdaolide B,"bicyclic [5,6] spiroketal-ER",C[C@@H]1CC[C@@]2(CCCO2)O[C@H]1[C@@H](C)[*],7,-1,attacker,C[C@@H]1CC[C@@]2(CCCO2)O[C@H]1[C@@H](C)[*:1],[],[],[],[],[],
659166,Shuangdaolide C,Mal-KS-Mal-DH-Mal-KR-furan,[*]CC1=CC=CO1,1,1,Mal-KS,[*][CH2:1][C:2]1=CC=CO1,['pks'],['Mal'],['KS'],[],[],
659166,Shuangdaolide C,Mal-KS-Mal-DH-Mal-KR-furan,[*]CC1=CC=CO1,2,2,Mal-DH,[*]CC1=[CH:1][CH:2]=CO1,['pks'],['Mal'],['DH'],[],[],
659166,Shuangdaolide C,Mal-KS-Mal-DH-Mal-KR-furan,[*]CC1=CC=CO1,3,3,Mal-KR,[*]CC1=CC=[CH:1]O1,['pks'],['Mal'],['KR'],['SdlI'],[],
659166,Shuangdaolide C,Mal-KS-Mal-DH-Mal-KR-furan,[*]CC1=CC=CO1,4,-1,hydroxyl,[*]CC1=CC=C[O:1]1,[],[],[],[],[],
659166,Shuangdaolide C,Mal-KS-Mal-DH-Mal-KR-furan,[*]CC1=CC=CO1,5,-1,attacker,[*:1]CC1=CC=CO1,[],[],[],[],[],
659166,Shuangdaolide B,cyclopentenone-DS,CC(C(C1/C=C\C([*])O)[*])=C(C1=O)O,1,1,Mal-DH,CC(C([*])C1/C=[CH:1]\[CH:2](O)[*])=C(O)C1=O,['pks'],['Mal'],['DH'],[],[],
659166,Shuangdaolide B,cyclopentenone-DS,CC(C(C1/C=C\C([*])O)[*])=C(C1=O)O,2,2,Mal-DH | DS,CC(C([*])[CH:1]1/[CH:2]=C\C(O)[*])=C(O)C1=O,['pks'],['Mal'],['DH'],[],[],
659166,Shuangdaolide B,cyclopentenone-DS,CC(C(C1/C=C\C([*])O)[*])=C(C1=O)O,3,3,Mal-KR,CC(C([*])C1/C=C\C(O)[*])=[C:1](O)[C:2]1=[O:3],['pks'],['Mal'],['KR'],['SdlR'],[],
659166,Shuangdaolide B,cyclopentenone-DS,CC(C(C1/C=C\C([*])O)[*])=C(C1=O)O,4,4,Mal-B,[CH3:1][C:2]([CH:3]([*])C1/C=C\C(O)[*])=C(O)C1=O,['pks'],['Mal'],[],['SdlR'],[],
659166,Shuangdaolide B,cyclopentenone-DS,CC(C(C1/C=C\C([*])O)[*])=C(C1=O)O,5,-1,hydroxyl,CC(C([*])C1/C=C\C(O)[*])=C([OH:1])C1=O,[],[],[],"['SdlR', 'SdlB', 'SdlQ']",[],
659166,Shuangdaolide B,cyclopentenone-DS,CC(C(C1/C=C\C([*])O)[*])=C(C1=O)O,6,-1,hydroxyl,CC(C([*])C1/C=C\C([OH:1])[*])=C(O)C1=O,[],[],[],['SdlR'],[],
659166,Shuangdaolide B,cyclopentenone-DS,CC(C(C1/C=C\C([*])O)[*])=C(C1=O)O,7,-1,attacker,CC(C([*:1])C1/C=C\C(O)[*])=C(O)C1=O,[],[],[],[],[],
659166,Shuangdaolide B,cyclopentenone-DS,CC(C(C1/C=C\C([*])O)[*])=C(C1=O)O,8,-1,reciever,CC(C([*])C1/C=C\C(O)[*:1])=C(O)C1=O.CC(C([*])C2/C=C\C(O)[*:1])=C(O)C2=O,[],[],[],[],[],
659172,Spliceostatin M,epoxy tetrahydropyran,[*]C1CC2(CC(C)(O1)O)CO2,1,1,Mal-KR,[*][CH:1]1[CH2:2]C2(CC(C)([O:3]1)O)CO2,['pks'],['Mal'],['KR'],[],[],
659172,Spliceostatin M,epoxy tetrahydropyran,[*]C1CC2(CC(C)(O1)O)CO2,2,2,Mal-B | epoxide,[*]C1C[C:1]2([CH2:4]C(C)(O1)O)[CH2:2][O:3]2,['pks'],['Mal'],"['Ox', 'ECH']",[],[],
659172,Spliceostatin M,epoxy tetrahydropyran,[*]C1CC2(CC(C)(O1)O)CO2,3,3,Mal-DH | PS + TE + deCO2,[*]C1CC2(C[C:1]([CH3:2])(O1)O)CO2,['pks'],['Mal'],"['DH', 'PS']",['fr9l'],[],
659172,Spliceostatin M,epoxy tetrahydropyran,[*]C1CC2(CC(C)(O1)O)CO2,4,-1,hydroxyl,[*]C1CC2(CC(C)(O1)[OH:1])CO2,[],[],[],[],[],
659172,Spliceostatin M,epoxy tetrahydropyran,[*]C1CC2(CC(C)(O1)O)CO2,5,-1,reciever,[*:1]C1CC2(CO2)CC(O1)(O)C.[*:1]C3CC4(CO4)CC(O3)(O)C,[],[],[],[],[],
659176,TM-124,OH-Me-Pyrone,OC(C=C([*])O1)=C(C)C1=O,1,1,Mal-KS,OC([CH:1]=[C:2]([*])[O:3]1)=C(C)C1=O,['pks'],['Mal'],['KS'],[],[],
659176,TM-124,OH-Me-Pyrone,OC(C=C([*])O1)=C(C)C1=O,2,2,MeMal-KS | TE,[OH:1][C:2](C=C([*])O1)=[C:5]([CH3:6])[C:3]1=[O:4],['pks'],['MeMal'],"['KS', 'TE']",[],[],
659176,TM-124,OH-Me-Pyrone,OC(C=C([*])O1)=C(C)C1=O,3,-1,reciever,OC(C=C(OC1=O)[*:1])=C1C,[],[],[],[],[],
659176,TM-124,NFAT aromatic core,CC([*])C1=C(C=C(C=C1)C)/C=C/CO,1,1,DH-MeMal-KS,CC(C1=C(/C=[CH:1]/[CH2:2][OH:3])C=C(C)C=C1)[*],['pks'],['MeMal'],['KS'],"['NftN', 'NftE']",[],
659176,TM-124,NFAT aromatic core,CC([*])C1=C(C=C(C=C1)C)/C=C/CO,2,2,Mal-DH,CC(C1=[C:1](/[CH:2]=C/CO)C=C(C)C=C1)[*],['pks'],['Mal'],['DH'],[],[],
659176,TM-124,NFAT aromatic core,CC([*])C1=C(C=C(C=C1)C)/C=C/CO,3,3,MeMal-ER,CC(C1=C(/C=C/CO)[CH:1]=[C:2]([CH3:3])C=C1)[*],['pks'],['MeMal'],['ER'],[],[],
659176,TM-124,NFAT aromatic core,CC([*])C1=C(C=C(C=C1)C)/C=C/CO,4,4,Mal-DH | DS,CC(C1=C(/C=C/CO)C=C(C)[CH:1]=[CH:2]1)[*],['pks'],['Mal'],['DH'],[],[],
659176,TM-124,NFAT aromatic core,CC([*])C1=C(C=C(C=C1)C)/C=C/CO,5,5,MeMal-DH | DS,[CH3:1][CH:2]([C:3]1=C(/C=C/CO)C=C(C)C=C1)[*],['pks'],['MeMal'],['DH'],[],[],
659176,TM-124,NFAT aromatic core,CC([*])C1=C(C=C(C=C1)C)/C=C/CO,6,-1,attacker,CC(C1=C(/C=C/CO)C=C(C)C=C1)[*:1],[],[],[],[],[],
659181,Olimycin C,naphthoquinone,[*]C1=C(C(C)=CC2=C1C(C=C(C2=O)N)=O)O,1,1,OH-AHBA,[*]C1=C(C(C)=C[C:1]2=[C:2]1[C:3]([CH:4]=[C:5]([C:7]2=[O:8])[NH2:6])=[O:9])O,['nrps'],['OH-AHBA'],[],"['OvmE', 'OvmN']",[],
659181,Olimycin C,naphthoquinone,[*]C1=C(C(C)=CC2=C1C(C=C(C2=O)N)=O)O,2,2,MeMal-KR,[*]C1=C([C:1]([CH3:2])=[CH:3]C2=C1C(C=C(C2=O)N)=O)O,['pks'],['MeMal'],['KR'],[],[],
659181,Olimycin C,naphthoquinone,[*]C1=C(C(C)=CC2=C1C(C=C(C2=O)N)=O)O,3,3,Mal-KS,[*][C:1]1=[C:2](C(C)=CC2=C1C(C=C(C2=O)N)=O)[OH:3],['pks'],['Mal'],['KS'],[],[],
659181,Olimycin C,naphthoquinone,[*]C1=C(C(C)=CC2=C1C(C=C(C2=O)N)=O)O,4,-1,attacker,[*:1]C1=C(O)C(C)=CC2=C1C(C=C(N)C2=O)=O,[],[],[],[],[],
659181,Olimycin A,naphthoquinone-azepinone,[*]C1=C(O)C(C)=CC2=C1C(C3=C(NC(C=C[C@@]3(C)C([*])=O)=O)C2=O)=O,1,1,OH-AHBA,[*]C1=C(C(C)=C[C:1]2=[C:2]1[C:3]([C:4]3=[C:5]([C:7]2=[O:8])[NH:6]C(C=C[C@]3(C([*])=O)C)=O)=[O:9])O,['pks'],['OH-AHBA'],[],"['OvmE', 'OvmN']",[],
659181,Olimycin A,naphthoquinone-azepinone,[*]C1=C(O)C(C)=CC2=C1C(C3=C(NC(C=C[C@@]3(C)C([*])=O)=O)C2=O)=O,2,2,MeMal-KR,[*]C1=C([C:1]([CH3:2])=[CH:3]C2=C1C(C3=C(C2=O)NC(C=C[C@]3(C([*])=O)C)=O)=O)O,['pks'],['MeMal'],['KR'],[],[],
659181,Olimycin A,naphthoquinone-azepinone,[*]C1=C(O)C(C)=CC2=C1C(C3=C(NC(C=C[C@@]3(C)C([*])=O)=O)C2=O)=O,3,3,Mal-KS,[*][C:1]1=[C:2]([OH:3])C(C)=CC2=C1C(C3=C(NC(C=C[C@@]3(C)C([*])=O)=O)C2=O)=O,['pks'],['Mal'],['KS'],[],[],
659181,Olimycin A,naphthoquinone-azepinone,[*]C1=C(O)C(C)=CC2=C1C(C3=C(NC(C=C[C@@]3(C)C([*])=O)=O)C2=O)=O,4,4,MeMal-KS,[*]C1=C(O)C(C)=CC2=C1C(C3=C(NC(C=C[C@@:1]3([CH3:4])[C:2]([*])=[O:3])=O)C2=O)=O,['pks'],['MeMal'],['KS'],[],[],
659181,Olimycin A,naphthoquinone-azepinone,[*]C1=C(O)C(C)=CC2=C1C(C3=C(NC(C=C[C@@]3(C)C([*])=O)=O)C2=O)=O,5,5,Mal-DH | TE,[*]C1=C(O)C(C)=CC2=C1C(C3=C(N[C:1]([CH:2]=[CH:3][C@@]3(C)C([*])=O)=[O:4])C2=O)=O,['pks'],['Mal'],"['DH', 'TE']",[],[],
659181,Olimycin A,naphthoquinone-azepinone,[*]C1=C(O)C(C)=CC2=C1C(C3=C(NC(C=C[C@@]3(C)C([*])=O)=O)C2=O)=O,6,-1,attacker,[*:1]C1=C(C(C)=CC2=C1C(C3=C(C2=O)NC(C=C[C@]3(C([*])=O)C)=O)=O)O,[],[],[],[],[],
659181,Olimycin A,naphthoquinone-azepinone,[*]C1=C(O)C(C)=CC2=C1C(C3=C(NC(C=C[C@@]3(C)C([*])=O)=O)C2=O)=O,7,-1,reciever,[*]C1=C(C(C)=CC2=C1C(C3=C(C2=O)NC(C=C[C@]3(C([*:1])=O)C)=O)=O)O,[],[],[],[],[],
659158,kendomycin B,Bicyclic DHBA-furan,[*]C1=C(C(C=C2C1=C[C@@](O)(O2)[*])=O)O,1,1,OH-DHBA,[*][C:1]1=[C:2]([C:4]([CH:5]=[C:6]2[C:7]1=C[C@@](O)([O:8]2)[*])=[O:9])[OH:3],['nrps'],['OH-DHBA'],[],"['Kmy18', 'Kmy17', 'Kmy29', 'Kmy16', 'Kmy15', 'Kmy14', 'Kmy13']",[],
659158,kendomycin B,Bicyclic DHBA-furan,[*]C1=C(C(C=C2C1=C[C@@](O)(O2)[*])=O)O,2,2,Mal-KS | TE-FS,[*]C1=C(O)C(C=C2C1=[CH:1][C@@:2](O2)([*])[OH:3])=O,['pks'],['Mal'],"['KS', 'TE']","['Kmy5', 'Kmy9']",[],
659158,kendomycin B,Bicyclic DHBA-furan,[*]C1=C(C(C=C2C1=C[C@@](O)(O2)[*])=O)O,3,-1,attacker,[*]C1=C(O)C(C=C2C1=C[C@@](O2)([*:1])O)=O,[],[],[],[],[],
659158,kendomycin B,Bicyclic DHBA-furan,[*]C1=C(C(C=C2C1=C[C@@](O)(O2)[*])=O)O,4,-1,reciever,[*:1]C1=C(O)C(C=C2C1=C[C@@](O2)([*])O)=O,[],[],[],[],[],
659043,Alchivemycin A,TDOxazine,O=C(C1C(CN(OC1=O)C([C@H]([*])O)[C@@H](O)[C@H](/C(C)=C/C)O)=O)[*],1,1,Mal-Starter,O=C(C1C(CN(OC1=O)C([C@H]([*])O)[C@@H](O)[C@H](/C(C)=C/[CH3:1])O)=O)[*],['pks'],['Mal'],[],[],[],
659043,Alchivemycin A,TDOxazine,O=C(C1C(CN(OC1=O)C([C@H]([*])O)[C@@H](O)[C@H](/C(C)=C/C)O)=O)[*],2,2,MeMal-DH,O=C(C1C(CN(OC1=O)C([C@H]([*])O)[C@@H](O)[C@H](/[C:1]([CH3:2])=[CH:3]/C)O)=O)[*],['pks'],['MeMal'],['DH'],[],[],
659043,Alchivemycin A,TDOxazine,O=C(C1C(CN(OC1=O)C([C@H]([*])O)[C@@H](O)[C@H](/C(C)=C/C)O)=O)[*],3,3,Mal-KS,O=C(C1C(CN(OC1=O)C([C@H]([*])O)[C@@H:1](O)[C@H:2](/C(C)=C/C)[OH:3])=O)[*],['pks'],['Mal'],['KS'],[],[],
659043,Alchivemycin A,TDOxazine,O=C(C1C(CN(OC1=O)C([C@H]([*])O)[C@@H](O)[C@H](/C(C)=C/C)O)=O)[*],4,4,Mal-KR | [-OH],O=C(C1C(CN(OC1=O)[CH:1]([C@H:2]([*])O)[C@@H](O)[C@H](/C(C)=C/C)O)=O)[*],['pks'],['Mal'],['KR'],[],[],
659043,Alchivemycin A,TDOxazine,O=C(C1C(CN(OC1=O)C([C@H]([*])O)[C@@H](O)[C@H](/C(C)=C/C)O)=O)[*],5,5,Mal-KS | TE-DS,[O:1]=[C:2]([CH:3]1C(CN(O[C:4]1=[O:5])C([C@H]([*])O)[C@@H](O)[C@H](/C(C)=C/C)O)=O)[*],['pks'],['Mal'],"['KS', 'TE']",[],[],
659043,Alchivemycin A,TDOxazine,O=C(C1C(CN(OC1=O)C([C@H]([*])O)[C@@H](O)[C@H](/C(C)=C/C)O)=O)[*],6,6,Gly | TE-DS,O=C(C1[C:1]([CH2:3][N:4](OC1=O)C([C@H]([*])O)[C@@H](O)[C@H](/C(C)=C/C)O)=[O:2])[*],['nrps'],['Gly'],[],[],[],
659043,Alchivemycin A,TDOxazine,O=C(C1C(CN(OC1=O)C([C@H]([*])O)[C@@H](O)[C@H](/C(C)=C/C)O)=O)[*],7,-1,hydroxyl,O=C(C1C(CN([O:1]C1=O)C([C@H]([*])O)[C@@H](O)[C@H](/C(C)=C/C)O)=O)[*],[],[],[],['AvmO1'],[],
659043,Alchivemycin A,TDOxazine,O=C(C1C(CN(OC1=O)C([C@H]([*])O)[C@@H](O)[C@H](/C(C)=C/C)O)=O)[*],8,-1,hydroxyl,O=C(C1C(CN(OC1=O)C([C@H]([*])[OH:1])[C@@H](O)[C@H](/C(C)=C/C)O)=O)[*],[],[],[],['AvmO4'],[],
659043,Alchivemycin A,TDOxazine,O=C(C1C(CN(OC1=O)C([C@H]([*])O)[C@@H](O)[C@H](/C(C)=C/C)O)=O)[*],9,-1,hydroxyl,O=C(C1C(CN(OC1=O)C([C@H]([*])O)[C@@H]([OH:1])[C@H](/C(C)=C/C)O)=O)[*],[],[],[],['AvmO4'],[],
659043,Alchivemycin A,TDOxazine,O=C(C1C(CN(OC1=O)C([C@H]([*])O)[C@@H](O)[C@H](/C(C)=C/C)O)=O)[*],10,-1,attacker,O=C(C1C(CN(OC1=O)C([C@H]([*:1])O)[C@@H](O)[C@H](/C(C)=C/C)O)=O)[*],[],[],[],[],[],
659043,Alchivemycin A,TDOxazine,O=C(C1C(CN(OC1=O)C([C@H]([*])O)[C@@H](O)[C@H](/C(C)=C/C)O)=O)[*],11,-1,reciever,O=C(C1C(CN(OC1=O)C([C@H]([*])O)[C@@H](O)[C@H](/C(C)=C/C)O)=O)[*:1],[],[],[],[],[],
659043,Alchivemycin A,cis-decalin,C[C@H]1C[C@H](C2C([*])C([C@H]3[C@@H](C2C1)O3)[*])C,1,1,Mal-DH | DA,C[C@H]1C[C@H](C2C([*])[CH:1]([C@H:2]3[C@@H](C2C1)O3)[*])C,['pks'],['Mal'],['DH'],[],[],
659043,Alchivemycin A,cis-decalin,C[C@H]1C[C@H](C2C([*])C([C@H]3[C@@H](C2C1)O3)[*])C,2,2,Mal-DH | DA,C[C@H]1C[C@H](C2C([*])C([C@H]3[C@@H:1]([CH:2]2C1)O3)[*])C,['pks'],['Mal'],['DH'],[],[],
659043,Alchivemycin A,cis-decalin,C[C@H]1C[C@H](C2C([*])C([C@H]3[C@@H](C2C1)O3)[*])C,3,3,MeMal-ER,[CH3:1][C@H:2]1C[C@H](C2C([*])C([C@H]3[C@@H](C2[CH2:3]1)O3)[*])C,['pks'],['MeMal'],['ER'],[],[],
659043,Alchivemycin A,cis-decalin,C[C@H]1C[C@H](C2C([*])C([C@H]3[C@@H](C2C1)O3)[*])C,4,4,MeMal-ER,C[C@H]1[CH2:1][C@H:2](C2C([*])C([C@H]3[C@@H](C2C1)O3)[*])[CH3:3],['pks'],['MeMal'],['ER'],[],[],
659043,Alchivemycin A,cis-decalin,C[C@H]1C[C@H](C2C([*])C([C@H]3[C@@H](C2C1)O3)[*])C,5,5,Mal-DH | DA,C[C@H]1C[C@H]([CH:1]2[CH:2]([*])C([C@H]3[C@@H](C2C1)O3)[*])C,['pks'],['Mal'],['DH'],[],[],
659043,Alchivemycin A,cis-decalin,C[C@H]1C[C@H](C2C([*])C([C@H]3[C@@H](C2C1)O3)[*])C,6,-1,hydroxyl,C[C@H]1C[C@H](C2C([*])C([C@H]3[C@@H](C2C1)[O:1]3)[*])C,[],[],[],['AvmO3'],[],
659043,Alchivemycin A,cis-decalin,C[C@H]1C[C@H](C2C([*])C([C@H]3[C@@H](C2C1)O3)[*])C,7,-1,attacker,C[C@H]1C[C@@H](C)C2C(C([*])[C@H]3[C@H](O3)C2C1)[*:1],[],[],[],[],[],
659043,Alchivemycin A,cis-decalin,C[C@H]1C[C@H](C2C([*])C([C@H]3[C@@H](C2C1)O3)[*])C,8,-1,reciever,C[C@H]1C[C@@H](C)C2C(C([*:1])[C@H]3[C@H](O3)C2C1)[*],[],[],[],[],[],
844,Coronatine,coronafacic acid,O=C([*])C([C@H]1CC2)C=C(CC)CC1C2=O,1,1,2-CyPC-ER,O=C([*])C([C@H:1]1[CH2:2][CH2:3]2)C=C(CC)[CH2:7][CH:6]1[C:4]2=[O:5],['pks'],['2-CyPC'],['ER'],[],[],
844,Coronatine,coronafacic acid,O=C([*])C([C@H]1CC2)C=C(CC)CC1C2=O,2,2,EtMal-KS,O=C([*])C([C@H]1CC2)[CH:2]=[C:1]([CH2:3][CH3:4])CC1C2=O,['pks'],['EtMal'],['KS'],[],[],
844,Coronatine,coronafacic acid,O=C([*])C([C@H]1CC2)C=C(CC)CC1C2=O,3,3,Mal-KS-TE,[O:3]=[C:2]([*])[CH:1]([C@H]1CC2)C=C(CC)CC1C2=O,['pks'],['Mal'],['KS'],[],[],
844,Coronatine,coronafacic acid,O=C([*])C([C@H]1CC2)C=C(CC)CC1C2=O,4,-1,reciever,O=C([*:1])C([C@H]1CC2)C=C(CC)CC1C2=O,[],[],[],[],[],
571,Legioliulin,Lgl-lactone,[*]C1=CC2=C(C(O1)=O)C(O)=CC=C2,1,1,Mal-KS,[*][C:1]1=[CH:2]C2=C(C([O:3]1)=O)C(O)=CC=C2,['pks'],['Mal'],['KS'],[],[],
571,Legioliulin,Lgl-lactone,[*]C1=CC2=C(C(O1)=O)C(O)=CC=C2,2,2,Mal-KS,[*]C1=C[C:1]2=C(C(O1)=O)C(O)=CC=[CH:2]2,['pks'],['Mal'],['KS'],[],[],
571,Legioliulin,Lgl-lactone,[*]C1=CC2=C(C(O1)=O)C(O)=CC=C2,3,3,Mal-KR,[*]C1=CC2=C(C(O1)=O)C(O)=[CH:2][CH:1]=C2,['pks'],['Mal'],['KR'],[],[],
571,Legioliulin,Lgl-lactone,[*]C1=CC2=C(C(O1)=O)C(O)=CC=C2,4,4,Mal-DH-TE,[*]C1=CC2=[C:3]([C:4](O1)=[O:5])[C:1]([OH:2])=CC=C2,['pks'],['Mal'],['DH'],[],[],
571,Legioliulin,Lgl-lactone,[*]C1=CC2=C(C(O1)=O)C(O)=CC=C2,5,-1,reciever,[*:1]C1=CC2=C(C(O1)=O)C(O)=CC=C2,[],[],[],[],[],
635,linfuranone C,"2-hydroxy-3,3(2H)-2,4-dimethylfuranone",CC(O1)(O)C(C(C)=C1C[*])=O,1,1,Mal-KR,CC([O:3]1)(O)C(C(C)=[C:2]1[CH2:1][*])=O,['pks'],['Mal'],['KR'],[],[],
635,linfuranone C,"2-hydroxy-3,3(2H)-2,4-dimethylfuranone",CC(O1)(O)C(C(C)=C1C[*])=O,2,2,MeMal-KS,CC(O1)(O)[C:2]([C:1]([CH3:4])=C1C[*])=[O:3],['pks'],['MeMal'],['KS'],[],[],
635,linfuranone C,"2-hydroxy-3,3(2H)-2,4-dimethylfuranone",CC(O1)(O)C(C(C)=C1C[*])=O,3,3,MeMal-KS-TE,[CH3:2][C:1](O1)(O)C(C(C)=C1C[*])=O,['pks'],['MeMal'],['KS'],[],[],
635,linfuranone C,"2-hydroxy-3,3(2H)-2,4-dimethylfuranone",CC(O1)(O)C(C(C)=C1C[*])=O,4,-1,hydroxyl,CC(O1)([OH:1])C(C(C)=C1C[*])=O,[],[],[],['WP_055480421'],[],
635,linfuranone C,"2-hydroxy-3,3(2H)-2,4-dimethylfuranone",CC(O1)(O)C(C(C)=C1C[*])=O,5,-1,attacker,CC(O1)(O)C(C(C)=C1C[*:1])=O,[],[],[],[],[],
603,metatricycloene,metatricycloene_tricyclic,[*]C1C=CC2C=CC3OC(C1C23)[*],1,1,"Mal-DH ",[*][CH:1]1[CH:2]=CC2C=CC3OC(C1C23)[*],['pks'],['Mal'],['DH'],[],[],
603,metatricycloene,metatricycloene_tricyclic,[*]C1C=CC2C=CC3OC(C1C23)[*],2,2,"Mal-DH ",[*]C1C=[CH:1][CH:2]2C=CC3OC(C1C23)[*],['pks'],['Mal'],['DH'],[],[],
603,metatricycloene,metatricycloene_tricyclic,[*]C1C=CC2C=CC3OC(C1C23)[*],3,3,"Mal-DH ",[*]C1C=CC2[CH:1]=[CH:2]C3OC(C1C23)[*],['pks'],['Mal'],['DH'],[],[],
603,metatricycloene,metatricycloene_tricyclic,[*]C1C=CC2C=CC3OC(C1C23)[*],4,4,"Mal-DH ",[*]C1C=CC2C=C[CH:1]3OC(C1[CH:2]23)[*],['pks'],['Mal'],['DH'],[],[],
603,metatricycloene,metatricycloene_tricyclic,[*]C1C=CC2C=CC3OC(C1C23)[*],5,5,"Mal-DH ",[*]C1C=CC2C=CC3O[CH:1]([CH:2]1C23)[*],['pks'],['Mal'],['DH'],[],[],
603,metatricycloene,metatricycloene_tricyclic,[*]C1C=CC2C=CC3OC(C1C23)[*],6,-1,hydroxyl,[*]C1C=CC2C=CC3[O:1]C(C1C23)[*],[],[],[],['MtcA'],[],
603,metatricycloene,metatricycloene_tricyclic,[*]C1C=CC2C=CC3OC(C1C23)[*],7,-1,attacker,[*]C1C=CC2C=CC3OC(C1C23)[*:1],[],[],[],[],[],
603,metatricycloene,metatricycloene_tricyclic,[*]C1C=CC2C=CC3OC(C1C23)[*],8,-1,reciever,[*:1]C1C=CC2C=CC3OC(C1C23)[*],[],[],[],[],[],
541,Pyrrolomycin G,"2,4-Dichlorophenol",OC1=C(C=C(C=C1[*])Cl)Cl,1,1,Mal-KR,[OH:1][C:2]1=C(C=C(C=[C:3]1[*])Cl)Cl,['pks'],['Mal'],['KR'],[],[],
541,Pyrrolomycin G,"2,4-Dichlorophenol",OC1=C(C=C(C=C1[*])Cl)Cl,2,2,Mal-KR,OC1=[C:1]([CH:2]=C(C=C1[*])Cl)Cl,['pks'],['Mal'],['KR'],[],[],
541,Pyrrolomycin G,"2,4-Dichlorophenol",OC1=C(C=C(C=C1[*])Cl)Cl,3,3,Mal-KS | TE,OC1=C(C=[C:1]([CH:2]=C1[*])Cl)Cl,['pks'],['Mal'],"['KS', 'TE']",[],[],
541,Pyrrolomycin G,"2,4-Dichlorophenol",OC1=C(C=C(C=C1[*])Cl)Cl,4,-1,chlorine,OC1=C(C=C(C=C1[*])Cl)[Cl:1],[],[],[],['Pyr16'],[],
541,Pyrrolomycin G,"2,4-Dichlorophenol",OC1=C(C=C(C=C1[*])Cl)Cl,5,-1,chlorine,OC1=C(C=C(C=C1[*])[Cl:1])Cl,[],[],[],['Pyr17'],[],
541,Pyrrolomycin G,"2,4-Dichlorophenol",OC1=C(C=C(C=C1[*])Cl)Cl,6,-1,attacker,OC1=C(C=C(C=C1[*:1])Cl)Cl,[],[],[],[],[],
968,E-975,"5-Alkenyl-3,3(2H)-furanone",CC1=C(C[*])OC(C(C)O)(O)C1=O,1,1,Mal-KS,CC1=[C:1]([CH2:3][*])[O:2]C(C(C)O)(O)C1=O,['pks'],['Mal'],['KS'],[],[],
968,E-975,"5-Alkenyl-3,3(2H)-furanone",CC1=C(C[*])OC(C(C)O)(O)C1=O,2,2,MeMal-KS,[CH3:3][C:1]1=C(C[*])OC(C(C)O)(O)[C:2]1=[O:4],['pks'],['MeMal'],['KS'],[],[],
968,E-975,"5-Alkenyl-3,3(2H)-furanone",CC1=C(C[*])OC(C(C)O)(O)C1=O,3,3,EtMal-KS | TE,CC1=C(C[*])O[C:1]([CH:2]([CH3:3])O)([OH:4])C1=O,['pks'],['EtMal'],"['KS', 'TE']",[],[],
968,E-975,"5-Alkenyl-3,3(2H)-furanone",CC1=C(C[*])OC(C(C)O)(O)C1=O,4,-1,hydroxyl,CC1=C(C[*])OC(C(C)[OH:1])(O)C1=O,[],[],[],['ORF14'],[],
968,E-975,"5-Alkenyl-3,3(2H)-furanone",CC1=C(C[*])OC(C(C)O)(O)C1=O,5,-1,attacker,CC1=C(C[*:1])OC(C(C)O)(O)C1=O,[],[],[],[],[],
850,Streptazone-E,"1,2,3,4a-Tetrahydro-4H-cyclopenta[b]pyridin-4-one",O=C1CCN=C2C=CC([*])C21,1,1,Mal-DH,O=C1CCN=C2C=[CH:2][CH:1]([*])C21,['pks'],['Mal'],['DH'],[],[],
850,Streptazone-E,"1,2,3,4a-Tetrahydro-4H-cyclopenta[b]pyridin-4-one",O=C1CCN=C2C=CC([*])C21,2,2,Mal-KS,O=C1CCN=[C:2]2[CH:1]=CC([*])C21,['pks'],['Mal'],['KS'],[],[],
850,Streptazone-E,"1,2,3,4a-Tetrahydro-4H-cyclopenta[b]pyridin-4-one",O=C1CCN=C2C=CC([*])C21,3,3,Mal-DH,O=[C:2]1CCN=C2C=CC([*])[CH:1]21,['pks'],['Mal'],['DH'],[],[],
850,Streptazone-E,"1,2,3,4a-Tetrahydro-4H-cyclopenta[b]pyridin-4-one",O=C1CCN=C2C=CC([*])C21,4,4,Mal-KS | TE,O=C1[CH2:2][CH2:1]N=C2C=CC([*])C21,['pks'],['Mal'],"['KS', 'TE']",[],[],R functions as TE
850,Streptazone-E,"1,2,3,4a-Tetrahydro-4H-cyclopenta[b]pyridin-4-one",O=C1CCN=C2C=CC([*])C21,5,-1,amine,O=C1CC[N:1]=C2C=CC([*])C21,[],[],[],['StzH'],[],
850,Streptazone-E,"1,2,3,4a-Tetrahydro-4H-cyclopenta[b]pyridin-4-one",O=C1CCN=C2C=CC([*])C21,6,-1,ketone,[O:1]=C1CCN=C2C=CC([*])C21,[],[],[],"['StzK','StzG']",[],
850,Streptazone-E,"1,2,3,4a-Tetrahydro-4H-cyclopenta[b]pyridin-4-one",O=C1CCN=C2C=CC([*])C21,7,-1,attacker,O=C1CCN=C2C=CC([*:1])C21,[],[],[],[],[],
1636,Cyclizidine-I,cyclizidine ring,O[C@@H]1C([*])N2CC[C@@H](Cl)[C@H](O)[C@H]2[C@]1(O)C,1,1,Mal-KR,[OH:3][C@@H:2]1[CH:1]([*])N2CC[C@@H](Cl)[C@H](O)[C@H]2[C@]1(O)C,['pks'],['Mal'],['KR'],[],[],
1636,Cyclizidine-I,cyclizidine ring,O[C@@H]1C([*])N2CC[C@@H](Cl)[C@H](O)[C@H]2[C@]1(O)C,2,2,MeMal-KS,O[C@@H]1C([*])N2CC[C@@H](Cl)[C@H](O)[C@H:3]2[C@:1]1(O)[CH3:2],['pks'],['MeMal'],['KS'],[],[],
1636,Cyclizidine-I,cyclizidine ring,O[C@@H]1C([*])N2CC[C@@H](Cl)[C@H](O)[C@H]2[C@]1(O)C,3,3,Mal-KR,O[C@@H]1C([*])N2CC[C@@H:2](Cl)[C@H:1](O)[C@H]2[C@]1(O)C,['pks'],['Mal'],['KR'],[],[],
1636,Cyclizidine-I,cyclizidine ring,O[C@@H]1C([*])N2CC[C@@H](Cl)[C@H](O)[C@H]2[C@]1(O)C,4,4,Mal-KS | TE,O[C@@H]1C([*])N2[CH2:2][CH2:1][C@@H](Cl)[C@H](O)[C@H]2[C@]1(O)C,['pks'],['Mal'],"['KS', 'TE']",[],[],R functions as TE
1636,Cyclizidine-I,cyclizidine ring,O[C@@H]1C([*])N2CC[C@@H](Cl)[C@H](O)[C@H]2[C@]1(O)C,5,-1,hydroxyl,O[C@@H]1C([*])N2CC[C@@H](Cl)[C@H](O)[C@H]2[C@]1([OH:1])C,[],[],[],['CycK'],[],
1636,Cyclizidine-I,cyclizidine ring,O[C@@H]1C([*])N2CC[C@@H](Cl)[C@H](O)[C@H]2[C@]1(O)C,6,-1,hydroxyl,O[C@@H]1C([*])N2CC[C@@H](Cl)[C@H]([OH:1])[C@H]2[C@]1(O)C,[],[],[],['CycK'],[],
1636,Cyclizidine-I,cyclizidine ring,O[C@@H]1C([*])N2CC[C@@H](Cl)[C@H](O)[C@H]2[C@]1(O)C,7,-1,chlorine,O[C@@H]1C([*])N2CC[C@@H]([Cl:1])[C@H](O)[C@H]2[C@]1(O)C,[],[],[],[],[],
1636,Cyclizidine-I,cyclizidine ring,O[C@@H]1C([*])N2CC[C@@H](Cl)[C@H](O)[C@H]2[C@]1(O)C,8,-1,amine,O[C@@H]1C([*])[N:1]2CC[C@@H](Cl)[C@H](O)[C@H]2[C@]1(O)C,[],[],[],['CycI'],[],
1636,Cyclizidine-I,cyclizidine ring,O[C@@H]1C([*])N2CC[C@@H](Cl)[C@H](O)[C@H]2[C@]1(O)C,9,-1,attacker,O[C@@H]1C([*:1])N2CC[C@@H](Cl)[C@H](O)[C@H]2[C@]1(O)C,[],[],[],[],[],
895,Stigmatellin B,stigmatellan chromone,OC(C(OC(C[*])=C(C)C1=O)=C1C(OC)=C2)=C2OC,1,1,Mal-KS,OC(C(O[C:2]([CH2:1][*])=C(C)C1=O)=C1C(OC)=C2)=C2OC,['pks'],['Mal'],['KS'],[],[],
895,Stigmatellin B,stigmatellan chromone,OC(C(OC(C[*])=C(C)C1=O)=C1C(OC)=C2)=C2OC,2,2,MeMal-KS,OC(C(OC(C[*])=[C:3]([CH3:4])[C:1]1=[O:2])=C1C(OC)=C2)=C2OC,['pks'],['MeMal'],['KS'],[],[],
895,Stigmatellin B,stigmatellan chromone,OC(C(OC(C[*])=C(C)C1=O)=C1C(OC)=C2)=C2OC,3,3,Mal-KS,OC(C(OC(C[*])=C(C)C1=O)=[C:3]1[C:1]([O:2]C)=C2)=C2OC,['pks'],['Mal'],['KS'],[],[],
895,Stigmatellin B,stigmatellan chromone,OC(C(OC(C[*])=C(C)C1=O)=C1C(OC)=C2)=C2OC,4,4,Mal-KS,OC(C(OC(C[*])=C(C)C1=O)=C1C(OC)=[CH:3]2)=[C:1]2[O:2]C,['pks'],['Mal'],['KS'],[],[],
895,Stigmatellin B,stigmatellan chromone,OC(C(OC(C[*])=C(C)C1=O)=C1C(OC)=C2)=C2OC,5,5,Mal-KS,O[C:3]([C:2]([O:1]C(C[*])=C(C)C1=O)=C1C(OC)=C2)=C2OC,['pks'],['Mal'],['KS'],[],[],
895,Stigmatellin B,stigmatellan chromone,OC(C(OC(C[*])=C(C)C1=O)=C1C(OC)=C2)=C2OC,6,-1,methyl,OC(C(OC(C[*])=C(C)C1=O)=C1C(O[CH3:1])=C2)=C2OC,[],[],[],['StiK'],[],
895,Stigmatellin B,stigmatellan chromone,OC(C(OC(C[*])=C(C)C1=O)=C1C(OC)=C2)=C2OC,7,-1,methyl,OC(C(OC(C[*])=C(C)C1=O)=C1C(OC)=C2)=C2O[CH3:1],[],[],[],['StiK'],[],
895,Stigmatellin B,stigmatellan chromone,OC(C(OC(C[*])=C(C)C1=O)=C1C(OC)=C2)=C2OC,8,-1,hydroxyl,[OH:1]C(C(OC(C[*])=C(C)C1=O)=C1C(OC)=C2)=C2OC,[],[],[],['StiL'],[],
895,Stigmatellin B,stigmatellan chromone,OC(C(OC(C[*])=C(C)C1=O)=C1C(OC)=C2)=C2OC,9,-1,attacker,OC(C(OC(C[*:1])=C(C)C1=O)=C1C(OC)=C2)=C2OC,[],[],[],[],[],
1230,Malleilactone,γ-butyrolactone,[*]/C(O)=C1C=C(C(CC)=O)OC/1=O,1,1,Mal-KS,[*]/[C:1]([OH:2])=[C:3]1C=C(C(CC)=O)OC/1=O,['pks'],['Mal'],['KS'],[],[],
1230,Malleilactone,γ-butyrolactone,[*]/C(O)=C1C=C(C(CC)=O)OC/1=O,2,2,OH-OXO-pentanoic acid | TE,[*]/C(O)=C1[CH:1]=[C:2]([C:6]([CH2:7][CH3:8])=[O:9])[O:3][C:4]/1=[O:5],['nrps'],['glycolytic'],"['C', 'R']",[],[],Notes: R function as TE
1230,Malleilactone,γ-butyrolactone,[*]/C(O)=C1C=C(C(CC)=O)OC/1=O,3,-1,receiver,[*:1]/C(O)=C1C=C(C(CC)=O)OC/1=O,[],[],[],[],[],
753,naphthomycin,Cl-naphthalene,ClC(C(O)=C1C([*])=C(C(C)=CC1=C2O)O)=C2N[*],1,1,AHBA,Cl[C:3]([C:4]([OH:5])=[C:6]1C([*])=C(C(C)=C[C:7]1=[C:8]2O)O)=[C:2]2[NH:1][*],['nrps'],['AHBA'],[],[],[],
753,naphthomycin,Cl-naphthalene,ClC(C(O)=C1C([*])=C(C(C)=CC1=C2O)O)=C2N[*],2,2,MeMal-KR,ClC(C(O)=C1C([*])=C([C:1]([CH3:2])=[CH:3]C1=C2O)O)=C2N[*],['pks'],['MeMal'],['KR'],[],[],
753,naphthomycin,Cl-naphthalene,ClC(C(O)=C1C([*])=C(C(C)=CC1=C2O)O)=C2N[*],3,3,Mal-KS,ClC(C(O)=C1[C:1]([*])=[C:2](C(C)=CC1=C2O)[OH:3])=C2N[*],['pks'],['Mal'],['KS'],[],[],
753,naphthomycin,Cl-naphthalene,ClC(C(O)=C1C([*])=C(C(C)=CC1=C2O)O)=C2N[*],4,4,hydroxyl,ClC(C(O)=C1C([*:2])=C(C(C)=CC1=C2[OH:1])O)=C2N[*],[],[],[],['Nat2'],[],OH
753,naphthomycin,Cl-naphthalene,ClC(C(O)=C1C([*])=C(C(C)=CC1=C2O)O)=C2N[*],5,5,chlorine,[Cl:1]C(C(O)=C1C([*:2])=C(C(C)=CC1=C2O)O)=C2N[*],[],[],[],['Nat1'],[],
753,naphthomycin,Cl-naphthalene,ClC(C(O)=C1C([*])=C(C(C)=CC1=C2O)O)=C2N[*],6,-1,attacker,ClC(C(O)=C1C([*:1])=C(C(C)=CC1=C2O)O)=C2N[*],[],[],[],[],[],
753,naphthomycin,Cl-naphthalene,ClC(C(O)=C1C([*])=C(C(C)=CC1=C2O)O)=C2N[*],7,-1,reciever,ClC(C(O)=C1C([*])=C(C(C)=CC1=C2O)O)=C2N[*:1],[],[],[],[],[],
1070,Oxazolomycin C,5-A-oxazole,[*]CC1=CN=CO1,1,1,formylglycyl-Starter,[*]CC1=[CH:1][N:2]=[CH:3][O:4]1,['nrps'],['CHO-Gly'],[],[],[],starter
1070,Oxazolomycin C,5-A-oxazole,[*]CC1=CN=CO1,2,2,Mal-KS,[*][CH2:1][C:2]1=CN=CO1,['pks'],['Mal'],['KS'],[],[],
1070,Oxazolomycin C,5-A-oxazole,[*]CC1=CN=CO1,3,-1,attacker,[*:1]CC1=CN=CO1,[],[],[],[],[],
1070,Oxazolomycin C,spiro-β-lactone-γ-lactam,[*]C1(C(C(N(C12COC2=O)C)=O)C)O,1,1,MeMal-KS | TE,[*][C:1]1([CH:3]([C:5](N(C12COC2=O)C)=[O:6])[CH3:4])[OH:2],['pks'],['MeMal'],"['KS', 'TE']",[],[],
1070,Oxazolomycin C,spiro-β-lactone-γ-lactam,[*]C1(C(C(N(C12COC2=O)C)=O)C)O,2,2,N-MT-Ser | TE,[*]C1(C(C([N:1]([C:3]12[CH2:4][O:5][C:6]2=[O:7])[CH3:2])=O)C)O,['nrps'],['Ser'],['nMT'],[],[],
1070,Oxazolomycin C,spiro-β-lactone-γ-lactam,[*]C1(C(C(N(C12COC2=O)C)=O)C)O,3,-1,reciever,[*:1]C1(C(C(N(C12COC2=O)C)=O)C)O,[],[],[],[],[],
937,ISO-9-METHYLSTREPTIMIDONE,glutarimide,O=C(NC(C1)=O)CC1CC([*])O,1,1,Mal-AMT,O=C([NH:1][C:2](C1)=[O:3])CC1CC([*])O,['pks'],['Mal'],"['KS', 'AMT']",[],[],
937,ISO-9-METHYLSTREPTIMIDONE,glutarimide,O=C(NC(C1)=O)CC1CC([*])O,2,2,Mal-DH-TE,[O:4]=[C:3](NC(C1)=O)[CH2:2][CH:1]1CC([*])O,['pks'],['Mal'],['DH'],[],[],"TE not technically present, but it does get released from the chain"
937,ISO-9-METHYLSTREPTIMIDONE,glutarimide,O=C(NC(C1)=O)CC1CC([*])O,3,3,Mal-KS-pyran synthase,[O:5]=[C:4]([NH:6][C:7]([CH2:9]1)=[O:8])[CH2:3][CH:2]1[CH2:1][CH:10]([*])[OH:11],['pks'],['Mal'],"['KS','PS']",[],[],PS - pyran synthase
937,ISO-9-METHYLSTREPTIMIDONE,glutarimide,O=C(NC(C1)=O)CC1CC([*])O,4,-1,reciever,O=C(NC(C1)=O)CC1CC([*:1])O,[],[],[],[],[],
1341,CUEVAENE-A,benzofuran-fused-cyclohexane,[*]C1CCCC2=C1C3=C(C=CC(O)=C3)O2,1,1,3-HBA,[*]C1CCCC2=C1[C:1]3=[C:2]([CH:3]=[CH:4][C:5]([OH:7])=[CH:6]3)O2,[],['3-HBA'],[],[],[],
1341,CUEVAENE-A,benzofuran-fused-cyclohexane,[*]C1CCCC2=C1C3=C(C=CC(O)=C3)O2,2,2,Mal-DH,[*]C1CCC[C:1]2=[C:2]1C3=C(C=CC(O)=C3)O2,['pks'],['Mal'],['DH'],[],[],
1341,CUEVAENE-A,benzofuran-fused-cyclohexane,[*]C1CCCC2=C1C3=C(C=CC(O)=C3)O2,3,3,Mal-ER,[*]C1C[CH2:1][CH2:2]C2=C1C3=C(C=CC(O)=C3)O2,['pks'],['Mal'],['ER'],[],[],
1341,CUEVAENE-A,benzofuran-fused-cyclohexane,[*]C1CCCC2=C1C3=C(C=CC(O)=C3)O2,4,4,Mal-ER,[*][CH:1]1[CH2:2]CCC2=C1C3=C(C=CC(O)=C3)O2,['pks'],['Mal'],['ER'],[],[],
1341,CUEVAENE-A,benzofuran-fused-cyclohexane,[*]C1CCCC2=C1C3=C(C=CC(O)=C3)O2,5,5,O,[*]C1CCCC2=C1C3=C(C=CC(O)=C3)[O:1]2,[],[],[],['cuv18'],[],
1341,CUEVAENE-A,benzofuran-fused-cyclohexane,[*]C1CCCC2=C1C3=C(C=CC(O)=C3)O2,6,-1,attacker,[*:1]C1CCCC2=C1C3=C(C=CC(O)=C3)O2,[],[],[],[],[],
823,Rifamycin-SV,rifamycinSV_core,[*]/C=C/O[C@]1(Oc(c(C)c2O)c(C1=O)c3c2c(O)c(N[*])cc3O)C,1,1,AHBA,[*]/C=C/O[C@]1(Oc(c(C)c2O)c(C1=O)[c:7]3[c:1]2[c:2](O)[c:3]([NH:8][*])[cH:4][c:5]3[OH:6])C,['nrps'],['AHBA'],[],[],[],
823,Rifamycin-SV,rifamycinSV_core,[*]/C=C/O[C@]1(Oc(c(C)c2O)c(C1=O)c3c2c(O)c(N[*])cc3O)C,2,2,MeMal-KR,[*]/C=C/O[C@]1(Oc([c:1]([CH3:2])[c:3]2[OH:4])c(C1=O)c3c2c(O)c(N[*])cc3O)C,['pks'],['MeMal'],['KR'],[],[],
823,Rifamycin-SV,rifamycinSV_core,[*]/C=C/O[C@]1(Oc(c(C)c2O)c(C1=O)c3c2c(O)c(N[*])cc3O)C,3,3,Mal-KS,[*]/C=C/O[C@]1([O:1][c:2](c(C)c2O)[c:3](C1=O)c3c2c(O)c(N[*])cc3O)C,['pks'],['Mal'],['KS'],[],[],
823,Rifamycin-SV,rifamycinSV_core,[*]/C=C/O[C@]1(Oc(c(C)c2O)c(C1=O)c3c2c(O)c(N[*])cc3O)C,4,4,MeMal-KS-DS,[*]/C=C/O[C@:1]1(Oc(c(C)c2O)c([C:3]1=[O:4])c3c2c(O)c(N[*])cc3O)[CH3:2],['pks'],['MeMal'],['KS'],[],[],
823,Rifamycin-SV,rifamycinSV_core,[*]/C=C/O[C@]1(Oc(c(C)c2O)c(C1=O)c3c2c(O)c(N[*])cc3O)C,5,5,OH-MeMal-DH-DS | [-CH2OH],[*]/[CH:1]=[CH:2]/O[C@]1(Oc(c(C)c2O)c(C1=O)c3c2c(O)c(N[*])cc3O)C,['pks'],['MeMal'],['DH'],[],[],
823,Rifamycin-SV,rifamycinSV_core,[*]/C=C/O[C@]1(Oc(c(C)c2O)c(C1=O)c3c2c(O)c(N[*])cc3O)C,6,-1,hydroxyl,[*]/C=C/O[C@]1(Oc(c(C)c2O)c(C1=O)c3c2c([OH:1])c(N[*])cc3O)C,[],[],[],[],[],OH
823,Rifamycin-SV,rifamycinSV_core,[*]/C=C/O[C@]1(Oc(c(C)c2O)c(C1=O)c3c2c(O)c(N[*])cc3O)C,7,-1,O,[*]/C=C/[O:1][C@]1(Oc(c(C)c2O)c(C1=O)c3c2c(O)c(N[*])cc3O)C,[],[],[],[],[],
823,Rifamycin-SV,rifamycinSV_core,[*]/C=C/O[C@]1(Oc(c(C)c2O)c(C1=O)c3c2c(O)c(N[*])cc3O)C,8,-1,attacker,[*:1]/C=C/O[C@]1(Oc(c(C)c2O)c(C1=O)c3c2c(O)c(N[*])cc3O)C,[],[],[],[],[],
823,Rifamycin-SV,rifamycinSV_core,[*]/C=C/O[C@]1(Oc(c(C)c2O)c(C1=O)c3c2c(O)c(N[*])cc3O)C,9,-1,reciever,[*]/C=C/O[C@]1(Oc(c(C)c2O)c(C1=O)c3c2c(O)c(N[*:1])cc3O)C,[],[],[],[],[],
1799,streptovaricin K,naphthodioxine,CC1=C(OC(C)=O)C(C2=C(/C(C)=C/[C@@](O)([*])C)OCOC2=C3C)=C(C3=O)C(O)=C1N[*],1,1,AHBA,C[C:1]1=[C:2]([C:4](C2=C(OCOC2=C3C)/C(C)=C/[C@@]([*])(C)O)=[C:5]([C:6](O)=[C:7]1[NH:8][*])C3=O)[O:3]C(C)=O,['nrps'],['AHBA'],[],[],[],
1799,streptovaricin K,naphthodioxine,CC1=C(OC(C)=O)C(C2=C(/C(C)=C/[C@@](O)([*])C)OCOC2=C3C)=C(C3=O)C(O)=C1N[*],2,2,MeMal-KR,CC1=C(OC(C)=O)C(C2=C(/C(C)=C/[C@@](O)([*])C)OCOC2=[C:1]3[CH3:2])=C([C:3]3=[O:4])C(O)=C1N[*],['pks'],['MeMal'],['KR'],[],[],
1799,streptovaricin K,naphthodioxine,CC1=C(OC(C)=O)C(C2=C(/C(C)=C/[C@@](O)([*])C)OCOC2=C3C)=C(C3=O)C(O)=C1N[*],3,3,Mal-KS,CC1=C(C([C:1]2=C(OC[O:2][C:3]2=C3C)/C(C)=C/[C@@]([*])(C)O)=C(C(O)=C1N[*])C3=O)OC(C)=O,['pks'],['Mal'],['KS'],[],[],
1799,streptovaricin K,naphthodioxine,CC1=C(OC(C)=O)C(C2=C(/C(C)=C/[C@@](O)([*])C)OCOC2=C3C)=C(C3=O)C(O)=C1N[*],4,4,MeMal-KS-DS,CC1=C(C(C2=[C:1]([O:4]COC2=C3C)/[C:2]([CH3:3])=C/[C@@]([*])(C)O)=C(C(O)=C1N[*])C3=O)OC(C)=O,['pks'],['MeMal'],['KS'],[],[],
1799,streptovaricin K,naphthodioxine,CC1=C(OC(C)=O)C(C2=C(/C(C)=C/[C@@](O)([*])C)OCOC2=C3C)=C(C3=O)C(O)=C1N[*],5,5,MeMal-DH-DS,CC1=C(C(C2=C(OCOC2=C3C)/C(C)=[CH:1]/[C@@:2]([*])([CH3:3])O)=C(C(O)=C1N[*])C3=O)OC(C)=O,['pks'],['MeMal'],['DH'],[],[],
1799,streptovaricin K,naphthodioxine,CC1=C(OC(C)=O)C(C2=C(/C(C)=C/[C@@](O)([*])C)OCOC2=C3C)=C(C3=O)C(O)=C1N[*],6,-1,hydroxyl,CC1=C(OC(C)=O)C(C2=C(/C(C)=C/[C@@](O)([*])C)OCOC2=C3C)=C(C3=O)C([OH:1])=C1N[*],[],[],[],['StvP3'],[],
1799,streptovaricin K,naphthodioxine,CC1=C(OC(C)=O)C(C2=C(/C(C)=C/[C@@](O)([*])C)OCOC2=C3C)=C(C3=O)C(O)=C1N[*],7,-1,methyl,[CH3:1]C1=C(OC(C)=O)C(C2=C(/C(C)=C/[C@@](O)([*])C)OCOC2=C3C)=C(C3=O)C(O)=C1N[*],[],[],[],[],[],
1799,streptovaricin K,naphthodioxine,CC1=C(OC(C)=O)C(C2=C(/C(C)=C/[C@@](O)([*])C)OCOC2=C3C)=C(C3=O)C(O)=C1N[*],8,-1,acetyl,CC1=C(O[C:1]([CH3:2])=[O:3])C(C2=C(/C(C)=C/[C@@](O)([*])C)OCOC2=C3C)=C(C3=O)C(O)=C1N[*],[],[],[],['Stva2'],[],
1799,streptovaricin K,naphthodioxine,CC1=C(OC(C)=O)C(C2=C(/C(C)=C/[C@@](O)([*])C)OCOC2=C3C)=C(C3=O)C(O)=C1N[*],9,-1,methylenedioxy bridge,CC1=C(OC(C)=O)C(C2=C(/C(C)=C/[C@@](O)([*])C)O[CH2:1]OC2=C3C)=C(C3=O)C(O)=C1N[*],[],[],[],"['StvP2', 'StvM1']",[],
1799,streptovaricin K,naphthodioxine,CC1=C(OC(C)=O)C(C2=C(/C(C)=C/[C@@](O)([*])C)OCOC2=C3C)=C(C3=O)C(O)=C1N[*],10,-1,hydroxyl,CC1=C(OC(C)=O)C(C2=C(/C(C)=C/[C@@]([OH:1])([*])C)OCOC2=C3C)=C(C3=O)C(O)=C1N[*],[],[],[],['StvP4'],[],
1799,streptovaricin K,naphthodioxine,CC1=C(OC(C)=O)C(C2=C(/C(C)=C/[C@@](O)([*])C)OCOC2=C3C)=C(C3=O)C(O)=C1N[*],11,-1,attacker,CC1=C(OC(C)=O)C(C2=C(/C(C)=C/[C@@](O)([*:1])C)OCOC2=C3C)=C(C3=O)C(O)=C1N[*],[],[],[],[],[],
1799,streptovaricin K,naphthodioxine,CC1=C(OC(C)=O)C(C2=C(/C(C)=C/[C@@](O)([*])C)OCOC2=C3C)=C(C3=O)C(O)=C1N[*],12,-1,reciever,CC1=C(OC(C)=O)C(C2=C(/C(C)=C/[C@@](O)([*])C)OCOC2=C3C)=C(C3=O)C(O)=C1N[*:1],[],[],[],[],[],
1224,Meilingmycin,cyclohexene-furan-02,[*]/C=C1COC2C(C(C[*])=CC(C\12O)C([*])=O)O,1,1,MeMal-DH,[*]/[CH:1]=[C:2]1[CH2:3]OC2C(C(C[*])=CC(C\12O)C([*])=O)O.[*]/[CH:1]=[C:2]3[CH2:3]OC4C(C(C[*])=CC(C\34O)C([*])=O)O,['pks'],['MeMal'],['DH'],[],[],
1224,Meilingmycin,cyclohexene-furan-02,[*]/C=C1COC2C(C(C[*])=CC(C\12O)C([*])=O)O,2,2,Mal-KS,[*]/C=C1CO[CH:1]2C(C(C[*])=CC([C:2]\12[OH:3])C([*])=O)O.[*]/C=C3CO[CH:1]4C(C(C[*])=CC([C:2]\34[OH:3])C([*])=O)O,['pks'],['Mal'],['KS'],[],[],
1224,Meilingmycin,cyclohexene-furan-02,[*]/C=C1COC2C(C(C[*])=CC(C\12O)C([*])=O)O,3,3,MeMal-KS,[*]/C=C1COC2[CH:1]([C:3]([CH2:4][*])=CC(C\12O)C([*])=O)[OH:2].[*]/C=C3COC4[CH:1]([C:3]([CH2:4][*])=CC(C\34O)C([*])=O)[OH:2],['pks'],['MeMal'],['KS'],[],[],
1224,Meilingmycin,cyclohexene-furan-02,[*]/C=C1COC2C(C(C[*])=CC(C\12O)C([*])=O)O,4,4,Mal-DH-TE,[*]/C=C1COC2C(C(C[*])=[CH:1][CH:2](C\12O)[C:3]([*])=[O:4])O.[*]/C=C3COC4C(C(C[*])=[CH:1][CH:2](C\34O)[C:3]([*])=[O:4])O,['pks'],['Mal'],"['DH', 'TE']",[],[],
1224,Meilingmycin,cyclohexene-furan-02,[*]/C=C1COC2C(C(C[*])=CC(C\12O)C([*])=O)O,5,-1,O,[*]/C=C1C[O:1]C2C(C(C[*])=CC(C\12O)C([*])=O)O.[*]/C=C3C[O:1]C4C(C(C[*])=CC(C\34O)C([*])=O)O,[],[],[],['MeiE'],[],
1224,Meilingmycin,cyclohexene-furan-02,[*]/C=C1COC2C(C(C[*])=CC(C\12O)C([*])=O)O,5,-1,fragment,[*]/C=C1COC2C(C(C[*:1])=CC(C\12O)C([*])=O)O.[*]/C=C3COC4C(C(C[*:1])=CC(C\34O)C([*])=O)O,[],[],[],[],[],
1224,Meilingmycin,cyclohexene-furan-02,[*]/C=C1COC2C(C(C[*])=CC(C\12O)C([*])=O)O,6,-1,attacker,[*]/C=C1COC2C(C(C[*])=CC(C\12O)C([*:1])=O)O.[*]/C=C3COC4C(C(C[*])=CC(C\34O)C([*:1])=O)O,[],[],[],[],[],
1224,Meilingmycin,cyclohexene-furan-02,[*]/C=C1COC2C(C(C[*])=CC(C\12O)C([*])=O)O,7,-1,reciever,[*:1]/C=C1COC2C(C(C[*])=CC(C\12O)C([*])=O)O.[*:1]/C=C3COC4C(C(C[*])=CC(C\34O)C([*])=O)O,[],[],[],[],[],
1061,CARBAMIDOCYCLOPHANE-Q,CYL-Resorcinal,Oc1cc([*])cc(O)c1[*],1,1,Mal-KS,[OH:1][c:2]1cc([*])cc(O)[c:3]1[*],['pks'],['Mal'],['DH'],['CylI'],[],
1061,CARBAMIDOCYCLOPHANE-Q,CYL-Resorcinal,Oc1cc([*])cc(O)c1[*],2,2,Mal-KS,Oc1[cH:2][c:1]([*])cc(O)c1[*],['pks'],['Mal'],['DH'],"['CylI', 'CylK']",[],
1061,CARBAMIDOCYCLOPHANE-Q,CYL-Resorcinal,Oc1cc([*])cc(O)c1[*],3,3,Mal-KS,Oc1cc([*])[cH:3][c:1]([OH:2])c1[*],['pks'],['Mal'],['DH'],['CylI'],[],
1061,CARBAMIDOCYCLOPHANE-Q,CYL-Resorcinal,Oc1cc([*])cc(O)c1[*],4,-1,attacker,Oc1cc([*:1])cc(O)c1[*],[],[],[],[],[],
1061,CARBAMIDOCYCLOPHANE-Q,CYL-Resorcinal,Oc1cc([*])cc(O)c1[*],5,-1,reciever,Oc1cc([*])cc(O)c1[*:1],[],[],[],[],[],
1816,CHLORIZIDINE A,"pyrrolizine ",ClC(C=C1CCC([*])N21)=C2Cl,1,1,Pro-ER,Cl[C:4]([CH:3]=[C:2]1[CH2:1]CC([*])[N:6]21)=[C:5]2Cl,['pks'],['Pro'],['ER'],"['Clz11','Clz10']",[],
1816,CHLORIZIDINE A,pyrrolizine,ClC(C=C1CCC([*])N21)=C2Cl,2,2,Mal-ER,ClC(C=C1C[CH2:2][CH:1]([*])N21)=C2Cl,['pks'],['Mal'],['ER'],"['Clz11','Clz10']",[],
1816,CHLORIZIDINE A,pyrrolizine,ClC(C=C1CCC([*])N21)=C2Cl,3,-1,chlorine,[Cl:1]C(C=C1CCC([*])N21)=C2Cl,[],[],[],['Clz5'],[],
1816,CHLORIZIDINE A,pyrrolizine,ClC(C=C1CCC([*])N21)=C2Cl,4,-1,chlorine,ClC(C=C1CCC([*])N21)=C2[Cl:1],[],[],[],['Clz5'],[],
1816,CHLORIZIDINE A,pyrrolizine,ClC(C=C1CCC([*])N21)=C2Cl,5,-1,reciever,ClC(C=C1CCC([*:1])N21)=C2Cl,[],[],[],[],[],
1816,CHLORIZIDINE A,"5H-pyrrolo[2,1-a]isoindol-5-one",O=C1C2=C(C3=CC(Cl)=C(N31)Cl)C=C(C([*])=C2O)O,1,1,Pro-KS,O=C1C2=[C:1]([C:2]3=[CH:3][C:4](Cl)=[C:5]([N:6]31)Cl)C=C(C([*])=C2O)O,['pks'],['Pro'],['KS'],['Clz6'],[],
1816,CHLORIZIDINE A,"5H-pyrrolo[2,1-a]isoindol-5-one",O=C1C2=C(C3=CC(Cl)=C(N31)Cl)C=C(C([*])=C2O)O,2,2,Mal-KS,O=C1C2=C(C3=CC(Cl)=C(N31)Cl)[CH:1]=[C:2](C([*])=C2O)[OH:3],['pks'],['Mal'],['KS'],['Clz6'],[],
1816,CHLORIZIDINE A,"5H-pyrrolo[2,1-a]isoindol-5-one",O=C1C2=C(C3=CC(Cl)=C(N31)Cl)C=C(C([*])=C2O)O,3,3,Mal-ER-COOH,O=C1C2=C(C3=CC(Cl)=C(N31)Cl)C=C([C:1]([*])=[C:2]2[OH:3])O,['pks'],['Mal'],"['ER','COOH']","['Clz10','Clz3','Clz4']",[],"separate enoyl reductase and carboxylase "
1816,CHLORIZIDINE A,"5H-pyrrolo[2,1-a]isoindol-5-one",O=C1C2=C(C3=CC(Cl)=C(N31)Cl)C=C(C([*])=C2O)O,4,4,Mak-KS-R,[O:1]=[C:2]1[C:3]2=C(C3=CC(Cl)=C(N31)Cl)C=C(C([*])=C2O)O,['pks'],['Mal'],"['KS','R']",['Clz7'],[],
1816,CHLORIZIDINE A,"5H-pyrrolo[2,1-a]isoindol-5-one",O=C1C2=C(C3=CC(Cl)=C(N31)Cl)C=C(C([*])=C2O)O,5,-1,chlorine,O=C1C2=C(C3=CC([Cl:1])=C(N31)Cl)C=C(C([*])=C2O)O,[],[],[],['Clz5'],[],
1816,CHLORIZIDINE A,"5H-pyrrolo[2,1-a]isoindol-5-one",O=C1C2=C(C3=CC(Cl)=C(N31)Cl)C=C(C([*])=C2O)O,6,-1,chlorine,O=C1C2=C(C3=CC(Cl)=C(N31)[Cl:1])C=C(C([*])=C2O)O,[],[],[],['Clz5'],[],
1816,CHLORIZIDINE A,"5H-pyrrolo[2,1-a]isoindol-5-one",O=C1C2=C(C3=CC(Cl)=C(N31)Cl)C=C(C([*])=C2O)O,7,-1,attacker,O=C1C2=C(C3=CC(Cl)=C(N31)Cl)C=C(C([*:1])=C2O)O,[],[],[],[],[],
932,['Abyssomicin X'],cyclohexane-tetronate-3,[*]C(C1C(O[C@@]2(C1=O)C[C@H](C(C)=CC2=CCC(O)=O)C)=O)=O,1,1,Mal-Starter,[*]C(C1C(O[C@]2(C[C@@H]([CH3:1])C(C)=CC2=CCC(O)=O)C1=O)=O)=O,['pks'],['Mal'],[],[],[],
932,['Abyssomicin X'],cyclohexane-tetronate-3,[*]C(C1C(O[C@@]2(C1=O)C[C@H](C(C)=CC2=CCC(O)=O)C)=O)=O,2,2,MeMal-DH-DA,[*]C(C1C(O[C@]2(C[C@@H:1](C)[C:2]([CH3:3])=CC2=CCC(O)=O)C1=O)=O)=O,['pks'],['MeMal'],['DH'],['AbmU'],[],
932,['Abyssomicin X'],cyclohexane-tetronate-3,[*]C(C1C(O[C@@]2(C1=O)C[C@H](C(C)=CC2=CCC(O)=O)C)=O)=O,3,3,Mal-DH-DA,[*]C(C1C(O[C@]2(C[C@@H](C)C(C)=[CH:1][C:2]2=CCC(O)=O)C1=O)=O)=O,['pks'],['Mal'],['DH'],['AbmU'],[],
932,['Abyssomicin X'],cyclohexane-tetronate-3,[*]C(C1C(O[C@@]2(C1=O)C[C@H](C(C)=CC2=CCC(O)=O)C)=O)=O,4,4,Mal-DH-DS,[*]C(C1C(O[C@]2(C[C@@H](C)C(C)=CC2=[CH:1][CH2:2]C(O)=O)C1=O)=O)=O,['pks'],['Mal'],['DH'],['AbmU'],[],
932,['Abyssomicin X'],cyclohexane-tetronate-3,[*]C(C1C(O[C@@]2(C1=O)C[C@H](C(C)=CC2=CCC(O)=O)C)=O)=O,5,5,MeMal-KS-DS | [-CHCH3],[*]C(C1C(O[C@]2(C[C@@H](C)C(C)=CC2=CC[C:1]([OH:2])=[O:3])C1=O)=O)=O,['pks'],['MeMal'],['KS'],"['AbmA1', 'AbmA4', 'AbmA5', 'AbmU', ]",[],
932,['Abyssomicin X'],cyclohexane-tetronate-3,[*]C(C1C(O[C@@]2(C1=O)C[C@H](C(C)=CC2=CCC(O)=O)C)=O)=O,6,6,Mal-KS-tetranote-DA,[*][C:1]([CH:2]1[C:3]([O:4][C@:5]2([CH2:7][C@@H](C)C(C)=CC2=CCC(O)=O)C1=[O:6])=[O:8])=[O:9],['pks'],['Mal'],['KS'],['AbmU'],[],
932,['Abyssomicin X'],cyclohexane-tetronate-3,[*]C(C1C(O[C@@]2(C1=O)C[C@H](C(C)=CC2=CCC(O)=O)C)=O)=O,7,-1,reciever,[*:1]C(C1C(O[C@@]2(C1=O)C[C@H](C(C)=CC2=CCC(O)=O)C)=O)=O,[],[],[],[],[],
881,Ikarugamycin,5-6-5 ring,CCC1C2C=CC3C(C(CC3C2CC1C)[*])C[*],1,1,Mal-Starter,CCC1C2C=CC3C(C(CC3C2CC1[CH3:1])[*])C[*],['pks'],['Mal'],[],[],[],
881,Ikarugamycin,5-6-5 ring,CCC1C2C=CC3C(C(CC3C2CC1C)[*])C[*],2,2,Mal-DH,CCC1C2C=CC3C(C(CC3C2[CH2:1][CH:2]1C)[*])C[*],['pks'],['Mal'],['DH'],['IkaB'],[],
881,Ikarugamycin,5-6-5 ring,CCC1C2C=CC3C(C(CC3C2CC1C)[*])C[*],3,3,Mal-DH,CCC1C2C=CC3C(C(C[CH:1]3[CH:2]2CC1C)[*])C[*],['pks'],['Mal'],['DH'],['IkaB'],[],
881,Ikarugamycin,5-6-5 ring,CCC1C2C=CC3C(C(CC3C2CC1C)[*])C[*],4,4,Mal-DH,CCC1C2C=CC3C([CH:1]([CH2:2]C3C2CC1C)[*])C[*],['pks'],['Mal'],['DH'],['IkaC'],[],
881,Ikarugamycin,5-6-5 ring,CCC1C2C=CC3C(C(CC3C2CC1C)[*])C[*],5,5,Mal-Starter,[CH3:1]CC1C2C=CC3C(C(CC3C2CC1C)[*])C[*],['pks'],['Mal'],[],[],[],
881,Ikarugamycin,5-6-5 ring,CCC1C2C=CC3C(C(CC3C2CC1C)[*])C[*],6,6,Mal-DH,C[CH2:1][CH:2]1C2C=CC3C(C(CC3C2CC1C)[*])C[*],['pks'],['Mal'],['DH'],['IkaB'],[],
881,Ikarugamycin,5-6-5 ring,CCC1C2C=CC3C(C(CC3C2CC1C)[*])C[*],7,7,Mal-DH,CCC1[CH:1]2[CH:2]=CC3C(C(CC3C2CC1C)[*])C[*],['pks'],['Mal'],['DH'],['IkaB'],[],
881,Ikarugamycin,5-6-5 ring,CCC1C2C=CC3C(C(CC3C2CC1C)[*])C[*],8,8,Mal-DH,CCC1C2C=[CH:1][CH:2]3C(C(CC3C2CC1C)[*])C[*],['pks'],['Mal'],['DH'],['IkaB'],[],
881,Ikarugamycin,5-6-5 ring,CCC1C2C=CC3C(C(CC3C2CC1C)[*])C[*],9,9,Mal-DH,CCC1C2C=CC3[CH:1](C(CC3C2CC1C)[*])[CH2:2][*],['pks'],['Mal'],['DH'],['IkaC'],[],
881,Ikarugamycin,5-6-5 ring,CCC1C2C=CC3C(C(CC3C2CC1C)[*])C[*],10,-1,attacker,CCC1C2C=CC3C(C(CC3C2CC1C)[*])C[*:1],[],[],[],[],[],
881,Ikarugamycin,5-6-5 ring,CCC1C2C=CC3C(C(CC3C2CC1C)[*])C[*],11,-1,attacker,CCC1C2C=CC3C(C(CC3C2CC1C)[*])C[*:1],[],[],[],[],[],
881,Ikarugamycin,Mal-KS-TE-Orn-tetramate,[*]NCCCC1NC(C(C([*])=O)=C1O)=O,1,1,Mal-KS-TE,[*]NCCCC1N[C:1]([C:2]([C:3]([*])=[O:4])=C1O)=[O:5],['pks'],['Mal'],['KS'],[],[],
881,Ikarugamycin,Mal-KS-TE-Orn-tetramate,[*]NCCCC1NC(C(C([*])=O)=C1O)=O,2,2,Orn-TE,[*][NH:1][CH2:2][CH2:3][CH2:4][CH:5]1[NH:6]C(C(C([*])=O)=[C:7]1[OH:8])=O,['nrps'],['Orn'],['TE'],[],[],
881,Ikarugamycin,Mal-KS-TE-Orn-tetramate,[*]NCCCC1NC(C(C([*])=O)=C1O)=O,3,-1,reciever,,[],[],[],[],[],
881,Ikarugamycin,Mal-KS-TE-Orn-tetramate,[*]NCCCC1NC(C(C([*])=O)=C1O)=O,4,-1,reciever,,[],[],[],[],[],
1888,Alteramide,5-5 ring,CCC1CC2CC(C(C2C1C)C(O)[*])[*],1,1,Mal-Starter,CCC1CC2CC([*])C(C([*])O)C2C1[CH3:1],['pks'],['Mal'],[],[],[],
1888,Alteramide,5-5 ring,CCC1CC2CC(C(C2C1C)C(O)[*])[*],2,2,Mal-DH,CCC1CC2CC([*])C(C([*])O)[CH:1]2[CH:2]1C,['pks'],['Mal'],['DH'],[],[],
1888,Alteramide,5-5 ring,CCC1CC2CC(C(C2C1C)C(O)[*])[*],3,3,Mal-DH,CCC1CC2CC([*])[CH:1]([CH:2]([*])[OH:3])C2C1C,['pks'],['Mal'],['DH'],[],[],
1888,Alteramide,5-5 ring,CCC1CC2CC(C(C2C1C)C(O)[*])[*],4,4,Mal-Starter,[CH3:1]CC1CC2CC([*])C(C([*])O)C2C1C,['pks'],['Mal'],[],[],[],
1888,Alteramide,5-5 ring,CCC1CC2CC(C(C2C1C)C(O)[*])[*],5,5,Mal-DH,C[CH2:1][CH:2]1CC2CC([*])C(C([*])O)C2C1C,['pks'],['Mal'],['DH'],[],[],
1888,Alteramide,5-5 ring,CCC1CC2CC(C(C2C1C)C(O)[*])[*],6,6,Mal-DH,CCC1[CH2:1][CH:2]2CC([*])C(C([*])O)C2C1C,['pks'],['Mal'],['DH'],[],[],
1888,Alteramide,5-5 ring,CCC1CC2CC(C(C2C1C)C(O)[*])[*],7,7,Mal-DH,CCC1CC2[CH2:1][CH:2]([*])C(C([*])O)C2C1C,['pks'],['Mal'],['DH'],[],[],
1888,Alteramide,5-5 ring,CCC1CC2CC(C(C2C1C)C(O)[*])[*],8,-1,attacker,CCC1CC2CC([*])C(C([*:1])O)C2C1C,[],[],[],[],[],
1888,Alteramide,5-5 ring,CCC1CC2CC(C(C2C1C)C(O)[*])[*],9,-1,attacker,CCC1CC2CC([*:1])C(C([*])O)C2C1C,[],[],[],[],[],
1917,onnamide,Onn-tetrahydropyran,C=C1[C@H]([C@H](O[C@](OC)(C1)[C@H](O)C([*])=O)C)C,1,1,Mal-Starter,C=C1[C@H]([C@H](O[C@](OC)(C1)[C@H](O)C([*])=O)[CH3:1])C,['pks'],['Mal'],['GNAT'],[],[],
1917,onnamide,Onn-tetrahydropyran,C=C1[C@H]([C@H](O[C@](OC)(C1)[C@H](O)C([*])=O)C)C,2,2,MeMal-KR,C=C1[C@H:1]([C@H:3]([O:4][C@](OC)(C1)[C@H](O)C([*])=O)C)[CH3:2],['pks'],['MeMal'],['KR'],[],[],
1917,onnamide,Onn-tetrahydropyran,C=C1[C@H]([C@H](O[C@](OC)(C1)[C@H](O)C([*])=O)C)C,3,3,MeMal-ECH-DS,[CH2:1]=[C:2]1[C@H]([C@H](O[C@](OC)([CH2:3]1)[C@H](O)C([*])=O)C)C,['pks'],['MeMal'],['ECH'],[],[],
1917,onnamide,Onn-tetrahydropyran,C=C1[C@H]([C@H](O[C@](OC)(C1)[C@H](O)C([*])=O)C)C,4,4,Mal-KS-PS-TE,C=C1[C@H]([C@H](O[C@:1]([O:5]C)(C1)[C@H:2](O)[C:3]([*])=[O:4])C)C,['pks'],['Mal'],['KS'],[],[],
1917,onnamide,Onn-tetrahydropyran,C=C1[C@H]([C@H](O[C@](OC)(C1)[C@H](O)C([*])=O)C)C,5,-1,O-Me,C=C1[C@H]([C@H](O[C@](O[CH3:1])(C1)[C@H](O)C([*])=O)C)C,[],[],[],[],[],
1917,onnamide,Onn-tetrahydropyran,C=C1[C@H]([C@H](O[C@](OC)(C1)[C@H](O)C([*])=O)C)C,6,-1,OH,C=C1[C@H]([C@H](O[C@](OC)(C1)[C@H]([OH:1])C([*])=O)C)C,[],[],[],[],[],
1917,onnamide,Onn-tetrahydropyran,C=C1[C@H]([C@H](O[C@](OC)(C1)[C@H](O)C([*])=O)C)C,7,-1,attacker,C=C1[C@H]([C@H](O[C@](OC)(C1)[C@H](O)C([*:1])=O)C)C,[],[],[],[],[],
1917,onnamide,Onn-pyran-fused-oxane,[*]CC1OC2C(OCOC2C(C1(C)C)OC)N[*],1,1,Gly | PKS,[*]CC1OC2[CH:1](OCOC2C(C1(C)C)OC)[NH:2][*],['nrps'],['gly'],[],[],[],
1917,onnamide,Onn-pyran-fused-oxane,[*]CC1OC2C(OCOC2C(C1(C)C)OC)N[*],2,2,Mal-KR,[*]CC1[O:1][CH:2]2C(OCO[CH:3]2C(C1(C)C)OC)N[*],['pks'],['Mal'],['KR'],[],[],
1917,onnamide,Onn-pyran-fused-oxane,[*]CC1OC2C(OCOC2C(C1(C)C)OC)N[*],3,3,Mal-MT-MT-KR,[*]CC1OC2C(OCOC2[CH:1]([C:3]1([CH3:5])[CH3:4])[O:2]C)N[*],['pks'],['Mal'],['cMT'],[],[],
1917,onnamide,Onn-pyran-fused-oxane,[*]CC1OC2C(OCOC2C(C1(C)C)OC)N[*],4,4,Mal-DH-PS,[*][CH2:1][CH:2]1OC2C(OCOC2C(C1(C)C)OC)N[*],['pks'],['Mal'],['DH'],[],[],
1917,onnamide,Onn-pyran-fused-oxane,[*]CC1OC2C(OCOC2C(C1(C)C)OC)N[*],5,-1,O,[*]CC1OC2C([O:1]COC2C(C1(C)C)OC)N[*],[],[],[],[],[],
1917,onnamide,Onn-pyran-fused-oxane,[*]CC1OC2C(OCOC2C(C1(C)C)OC)N[*],6,-1,O,[*]CC1OC2C(O[CH2:1]OC2C(C1(C)C)OC)N[*],[],[],[],[],[],
1917,onnamide,Onn-pyran-fused-oxane,[*]CC1OC2C(OCOC2C(C1(C)C)OC)N[*],7,-1,O-CH2-O,[*]CC1OC2C(OC[O:1]C2C(C1(C)C)OC)N[*],[],[],[],[],[],
1917,onnamide,Onn-pyran-fused-oxane,[*]CC1OC2C(OCOC2C(C1(C)C)OC)N[*],8,-1,OMe,[*]CC1OC2C(OCOC2C(C1(C)C)O[CH3:1])N[*],[],[],[],[],[],
1917,onnamide,Onn-pyran-fused-oxane,[*]CC1OC2C(OCOC2C(C1(C)C)OC)N[*],9,-1,attacker,[*:1]CC1OC2C(OCOC2C(C1(C)C)OC)N[*],[],[],[],[],[],
1917,onnamide,Onn-pyran-fused-oxane,[*]CC1OC2C(OCOC2C(C1(C)C)OC)N[*],10,-1,reciever,[*]CC1OC2C(OCOC2C(C1(C)C)OC)N[*:1],[],[],[],[],[],
732,THAILANDAMIDE LACTONE,tha LACTONE,OC(/C=C/C=C(C)/C=C/C=C/[C@]1([C@H]([C@H](C(O1)=O)C)OC)C)=C\C([*])=O,1,1,Mal-KS-DS,OC(/C=C/C=C(C)/C=C/C=C/[C@]1([C@H]([C@H](C(O1)=O)C)OC)C)=[CH:2]\[C:1]([*])=[O:3],['pks'],['Mal'],['KS'],[],[],
732,THAILANDAMIDE LACTONE,tha LACTONE,OC(/C=C/C=C(C)/C=C/C=C/[C@]1([C@H]([C@H](C(O1)=O)C)OC)C)=C\C([*])=O,2,2,Mal-KR-DS,[OH:2][C:1](/[CH:3]=C/C=C(C)/C=C/C=C/[C@]1([C@H]([C@H](C(O1)=O)C)OC)C)=C\C([*])=O,['pks'],['Mal'],['KR'],[],[],
732,THAILANDAMIDE LACTONE,tha LACTONE,OC(/C=C/C=C(C)/C=C/C=C/[C@]1([C@H]([C@H](C(O1)=O)C)OC)C)=C\C([*])=O,3,3,Mal-DH-DS,OC(/C=[CH:1]/[CH:2]=C(C)/C=C/C=C/[C@]1([C@H]([C@H](C(O1)=O)C)OC)C)=C\C([*])=O,['pks'],['Mal'],['DH'],[],[],
732,THAILANDAMIDE LACTONE,tha LACTONE,OC(/C=C/C=C(C)/C=C/C=C/[C@]1([C@H]([C@H](C(O1)=O)C)OC)C)=C\C([*])=O,4,4,Mal-DH-HCS-ECH-DS,OC(/C=C/C=[C:1]([CH3:3])/[CH:2]=C/C=C/[C@]1([C@H]([C@H](C(O1)=O)C)OC)C)=C\C([*])=O,['pks'],['Mal'],['DH'],"['ThaJ', 'ThaK', 'ThaL', 'ThaM']",[],
732,THAILANDAMIDE LACTONE,tha LACTONE,OC(/C=C/C=C(C)/C=C/C=C/[C@]1([C@H]([C@H](C(O1)=O)C)OC)C)=C\C([*])=O,5,5,Mal-DH-DS,OC(/C=C/C=C(C)/C=[CH:1]/[CH:2]=C/[C@]1([C@H]([C@H](C(O1)=O)C)OC)C)=C\C([*])=O,['pks'],['Mal'],['DH'],[],[],
732,THAILANDAMIDE LACTONE,tha LACTONE,OC(/C=C/C=C(C)/C=C/C=C/[C@]1([C@H]([C@H](C(O1)=O)C)OC)C)=C\C([*])=O,6,6,Mal-MT-DH,OC(/C=C/C=C(C)/C=C/C=[CH:1]/[C@:2]1([C@H]([C@H](C(O1)=O)C)OC)[CH3:3])=C\C([*])=O,['pks'],['Mal'],"['cMT', 'DH']",[],[],
732,THAILANDAMIDE LACTONE,tha LACTONE,OC(/C=C/C=C(C)/C=C/C=C/[C@]1([C@H]([C@H](C(O1)=O)C)OC)C)=C\C([*])=O,7,7,Mal-MT-KR-OMT-TE,OC(/C=C/C=C(C)/C=C/C=C/[C@]1([C@H:1]([C@H:4]([C:6](O1)=[O:7])[CH3:5])[O:2][CH3:3])C)=C\C([*])=O,['pks'],['Mal'],"['cMT', 'OMT']",[],[],
732,THAILANDAMIDE LACTONE,tha LACTONE,OC(/C=C/C=C(C)/C=C/C=C/[C@]1([C@H]([C@H](C(O1)=O)C)OC)C)=C\C([*])=O,8,-1,O,OC(/C=C/C=C(C)/C=C/C=C/[C@]1([C@H]([C@H](C([O:1]1)=O)C)OC)C)=C\C([*])=O,[],[],[],[],[],
732,THAILANDAMIDE LACTONE,tha LACTONE,OC(/C=C/C=C(C)/C=C/C=C/[C@]1([C@H]([C@H](C(O1)=O)C)OC)C)=C\C([*])=O,9,-1,reciever,OC(/C=C/C=C(C)/C=C/C=C/[C@]1([C@H]([C@H](C(O1)=O)C)OC)C)=C\C([*:1])=O,[],[],[],[],[],
732,THAILANDAMIDE LACTONE,tha LACTONE-2,C[C@@]1([C@H]([C@H](C(O1)=O)C)OC)C[*],1,1,Mal-MT-DH-DS,[CH3:3][C@@:2]1([C@H]([C@H](C(O1)=O)C)OC)[CH2:1][*],['pks'],['Mal'],"['cMT', 'DH']",[],[],
732,THAILANDAMIDE LACTONE,tha LACTONE-2,C[C@@]1([C@H]([C@H](C(O1)=O)C)OC)C[*],2,2,Mal-MT-KR-OMT-TE,C[C@@]1([C@H:1]([C@H:4]([C:6](O1)=[O:7])[CH3:5])[O:2][CH3:3])C[*],['pks'],['Mal'],"['cMT', 'OMT']",[],[],
732,THAILANDAMIDE LACTONE,tha LACTONE-2,C[C@@]1([C@H]([C@H](C(O1)=O)C)OC)C[*],3,-1,O,C[C@@]1([C@H]([C@H](C([O:1]1)=O)C)OC)C[*],[],[],[],[],[],
732,THAILANDAMIDE LACTONE,tha LACTONE-2,C[C@@]1([C@H]([C@H](C(O1)=O)C)OC)C[*],4,-1,reciever,C[C@@]1([C@H]([C@H](C(O1)=O)C)OC)C[*:1],[],[],[],[],[],
524,Nocamycin-I,Ncm-tetramic acid,[*]/C(O)=C1C(CNC\1=O)=O,1,1,Mal-KS-TE,[*]/[C:1]([OH:2])=[C:3]1C(CN[C:4]\1=[O:5])=O,['pks'],['Mal'],['KS'],['NcmC'],[],
524,Nocamycin-I,Ncm-tetramic acid,[*]/C(O)=C1C(CNC\1=O)=O,2,2,Gly-TE,[*]/C(O)=C1[C:1]([CH2:3][NH:4]C\1=O)=[O:2],['nrps'],['gly'],[],['NcmC'],[],
524,Nocamycin-I,Ncm-tetramic acid,[*]/C(O)=C1C(CNC\1=O)=O,3,-1,reciever,[*:1]/C(O)=C1C(CNC\1=O)=O,[],[],[],[],[],
524,Nocamycin-I,THF-oxolane-bicyclic ketal,COC(C1[C@@H](C)O[C@@]2(C)CC(C3O[C@@]12O[C@H]([C@H](C)[*])[C@H]3C)=O)=O,1,1,Mal-Starter,COC(C1[C@H](O[C@]2(CC(C3O[C@@]12O[C@@H]([C@H]3C)[C@@H]([*])C)=O)C)[CH3:1])=O,['pks'],['Mal'],[],[],[],
524,Nocamycin-I,THF-oxolane-bicyclic ketal,COC(C1[C@@H](C)O[C@@]2(C)CC(C3O[C@@]12O[C@H]([C@H](C)[*])[C@H]3C)=O)=O,2,2,MeMal-KR | Carboxyl,C[O:1][C:2]([CH:4]1[C@H:5]([O:6][C@]2(CC(C3O[C@@]12O[C@@H]([C@H]3C)[C@@H]([*])C)=O)C)C)=[O:3],['pks'],['MeMal'],['KR'],"['NcmG', 'NcmO']",[],
524,Nocamycin-I,THF-oxolane-bicyclic ketal,COC(C1[C@@H](C)O[C@@]2(C)CC(C3O[C@@]12O[C@H]([C@H](C)[*])[C@H]3C)=O)=O,3,3,MeMal-KS,COC(C1[C@H](O[C@:1]2(CC(C3O[C@@:3]12O[C@@H]([C@H]3C)[C@@H]([*])C)=O)[CH3:2])C)=O,['pks'],['MeMal'],['KS'],"['NcmE', 'NcmG']",[],
524,Nocamycin-I,THF-oxolane-bicyclic ketal,COC(C1[C@@H](C)O[C@@]2(C)CC(C3O[C@@]12O[C@H]([C@H](C)[*])[C@H]3C)=O)=O,4,4,Mal-KR,COC(C1[C@H](O[C@]2([CH2:1][C:2](C3O[C@@]12O[C@@H]([C@H]3C)[C@@H]([*])C)=[O:3])C)C)=O,['pks'],['Mal'],['KR'],"['NcmG', 'NcmO', 'NcmD', 'NcmE']",[],
524,Nocamycin-I,THF-oxolane-bicyclic ketal,COC(C1[C@@H](C)O[C@@]2(C)CC(C3O[C@@]12O[C@H]([C@H](C)[*])[C@H]3C)=O)=O,5,5,MeMal-KR,COC(C1[C@H](O[C@]2(CC([CH:1]3[O:2][C@@]12O[C@@H]([C@H:3]3[CH3:4])[C@@H]([*])C)=O)C)C)=O,['pks'],['MeMal'],['KR'],[],[],
524,Nocamycin-I,THF-oxolane-bicyclic ketal,COC(C1[C@@H](C)O[C@@]2(C)CC(C3O[C@@]12O[C@H]([C@H](C)[*])[C@H]3C)=O)=O,6,6,MeMal-KR,COC(C1[C@H](O[C@]2(CC(C3O[C@@]12[O:1][C@@H:2]([C@H]3C)[C@@H:3]([*])[CH3:4])=O)C)C)=O,['pks'],['MeMal'],['KR'],[],[],
524,Nocamycin-I,THF-oxolane-bicyclic ketal,COC(C1[C@@H](C)O[C@@]2(C)CC(C3O[C@@]12O[C@H]([C@H](C)[*])[C@H]3C)=O)=O,7,-1,Me,[CH3:1]OC(C1[C@H](O[C@]2(CC(C3O[C@@]12O[C@@H]([C@H]3C)[C@@H]([*])C)=O)C)C)=O,[],[],[],['NcmP'],[],
524,Nocamycin-I,THF-oxolane-bicyclic ketal,COC(C1[C@@H](C)O[C@@]2(C)CC(C3O[C@@]12O[C@H]([C@H](C)[*])[C@H]3C)=O)=O,8,-1,attacker,COC(C1[C@H](O[C@]2(CC(C3O[C@@]12O[C@@H]([C@H]3C)[C@@H]([*:1])C)=O)C)C)=O,[],[],[],[],[],
882,Tirandamycin A,oxolane-bicyclic ketal,[*]C(C1OC2(OC(C1C)C(C3OC32C)=O)C)C,1,1,Mal-Starter,[*]C(C1OC2(OC(C1C)C(C3OC32C)=O)[CH3:1])C,['pks'],['Mal'],[],[],[],
882,Tirandamycin A,oxolane-bicyclic ketal,[*]C(C1OC2(OC(C1C)C(C3OC32C)=O)C)C,2,2,MeMal-KS,[*]C(C1O[C:1]2(OC(C1C)C(C3O[C:2]32[CH3:3])=O)C)C,['pks'],['MeMal'],['KS'],['TrdE'],[],
882,Tirandamycin A,oxolane-bicyclic ketal,[*]C(C1OC2(OC(C1C)C(C3OC32C)=O)C)C,3,3,Mal-KR,[*]C(C1OC2(OC(C1C)[C:1]([CH:2]3OC32C)=O)C)C,['pks'],['Mal'],['KR'],[],[],
882,Tirandamycin A,oxolane-bicyclic ketal,[*]C(C1OC2(OC(C1C)C(C3OC32C)=O)C)C,4,4,MeMal-DH,[*]C(C1OC2([O:1][CH:2]([CH:3]1[CH3:4])C(C3OC32C)=O)C)C,['pks'],['MeMal'],['DH'],[],[],
882,Tirandamycin A,oxolane-bicyclic ketal,[*]C(C1OC2(OC(C1C)C(C3OC32C)=O)C)C,5,5,MeMal-KR,[*][CH:1]([CH:3]1[O:4]C2(OC(C1C)C(C3OC32C)=O)C)[CH3:2],['pks'],['MeMal'],['KR'],[],[],
882,Tirandamycin A,oxolane-bicyclic ketal,[*]C(C1OC2(OC(C1C)C(C3OC32C)=O)C)C,6,-1,O,[*]C(C1OC2(OC(C1C)C(C3OC32C)=[O:1])C)C,[],[],[],"['TamI', 'TamL']",[],
882,Tirandamycin A,oxolane-bicyclic ketal,[*]C(C1OC2(OC(C1C)C(C3OC32C)=O)C)C,7,-1,O,[*]C(C1OC2(OC(C1C)C(C3[O:1]C32C)=O)C)C,[],[],[],['TamI'],[],
882,Tirandamycin A,oxolane-bicyclic ketal,[*]C(C1OC2(OC(C1C)C(C3OC32C)=O)C)C,8,-1,attacker,[*:1]C(C1OC2(OC(C1C)C(C3OC32C)=O)C)C,[],[],[],[],[],
924,pactamide A,5-5-6 ring,CC[C@H]1C[C@H]2C[C@@H]3[C@H](CCC(C3C[*])[*])[C@H]2[C@@H]1C,1,1,Mal-Starter,CC[C@H]1C[C@H]2C[C@@H]3[C@@H]([C@H]2[C@@H]1[CH3:1])CCC([*])C3C[*],['pks'],['Mal'],[],[],[],
924,pactamide A,5-5-6 ring,CC[C@H]1C[C@H]2C[C@@H]3[C@H](CCC(C3C[*])[*])[C@H]2[C@@H]1C,2,2,Mal-DH,CC[C@H]1C[C@H]2C[C@@H]3[C@@H]([C@H:1]2[C@@H:2]1C)CCC([*])C3C[*],['pks'],['Mal'],['DH'],['PtmB2'],[],
924,pactamide A,5-5-6 ring,CC[C@H]1C[C@H]2C[C@@H]3[C@H](CCC(C3C[*])[*])[C@H]2[C@@H]1C,3,3,Mal-DH,CC[C@H]1C[C@H]2C[C@@H]3[C@@H:1]([C@H]2[C@@H]1C)[CH2:2]CC([*])C3C[*],['pks'],['Mal'],['DH'],['PtmB1'],[],
924,pactamide A,5-5-6 ring,CC[C@H]1C[C@H]2C[C@@H]3[C@H](CCC(C3C[*])[*])[C@H]2[C@@H]1C,4,4,Mal-DH,CC[C@H]1C[C@H]2C[C@@H]3[C@@H]([C@H]2[C@@H]1C)C[CH2:1][CH:2]([*])C3C[*],['pks'],['Mal'],['DH'],['PtmC'],[],
924,pactamide A,5-5-6 ring,CC[C@H]1C[C@H]2C[C@@H]3[C@H](CCC(C3C[*])[*])[C@H]2[C@@H]1C,5,5,Mal-Starter,[CH3:1]C[C@H]1C[C@H]2C[C@@H]3[C@@H]([C@H]2[C@@H]1C)CCC([*])C3C[*],['pks'],['Mal'],[],[],[],
924,pactamide A,5-5-6 ring,CC[C@H]1C[C@H]2C[C@@H]3[C@H](CCC(C3C[*])[*])[C@H]2[C@@H]1C,6,6,Mal-DH,C[CH2:1][C@H:2]1C[C@H]2C[C@@H]3[C@@H]([C@H]2[C@@H]1C)CCC([*])C3C[*],['pks'],['Mal'],['DH'],['PtmB2'],[],
924,pactamide A,5-5-6 ring,CC[C@H]1C[C@H]2C[C@@H]3[C@H](CCC(C3C[*])[*])[C@H]2[C@@H]1C,7,7,Mal-DH,CC[C@H]1[CH2:1][C@H:2]2C[C@@H]3[C@@H]([C@H]2[C@@H]1C)CCC([*])C3C[*],['pks'],['Mal'],['DH'],"['PtmB2', 'PtmB1']",[],
924,pactamide A,5-5-6 ring,CC[C@H]1C[C@H]2C[C@@H]3[C@H](CCC(C3C[*])[*])[C@H]2[C@@H]1C,8,8,Mal-DH,CC[C@H]1C[C@H]2[CH2:1][C@@H:2]3[C@@H]([C@H]2[C@@H]1C)CCC([*])C3C[*],['pks'],['Mal'],['DH'],"['PtmB1', 'PtmC']",[],
924,pactamide A,5-5-6 ring,CC[C@H]1C[C@H]2C[C@@H]3[C@H](CCC(C3C[*])[*])[C@H]2[C@@H]1C,9,9,Mal-DH,CC[C@H]1C[C@H]2C[C@@H]3[C@@H]([C@H]2[C@@H]1C)CCC([*])[CH:1]3[CH2:2][*],['pks'],['Mal'],['DH'],['PtmC'],[],
924,pactamide A,5-5-6 ring,CC[C@H]1C[C@H]2C[C@@H]3[C@H](CCC(C3C[*])[*])[C@H]2[C@@H]1C,10,-1,attacker,CC[C@H]1C[C@H]2C[C@@H]3[C@@H]([C@H]2[C@@H]1C)CCC([*])C3C[*:1],[],[],[],[],[],
924,pactamide A,5-5-6 ring,CC[C@H]1C[C@H]2C[C@@H]3[C@H](CCC(C3C[*])[*])[C@H]2[C@@H]1C,11,-1,attacker,CC[C@H]1C[C@H]2C[C@@H]3[C@@H]([C@H]2[C@@H]1C)CCC([*:1])C3C[*],[],[],[],[],[],
551,Aureothin,Aur-THF,[*]/C=C1CC([*])OC/1,1,1,MeMal-DH,[*]/[CH:2]=[C:1]1CC([*])O[CH2:3]/1,['pks'],['MeMal'],['DH'],['AurH'],[],
551,Aureothin,Aur-THF,[*]/C=C1CC([*])OC/1,2,2,Mal-ER,[*]/C=C1[CH2:2][CH:1]([*])OC/1,['pks'],['Mal'],['ER'],['AurH'],[],
551,Aureothin,Aur-THF,[*]/C=C1CC([*])OC/1,3,-1,O,[*]/C=C1CC([*])[O:1]C/1,[],[],[],['AurH'],[],
551,Aureothin,Aur-THF,[*]/C=C1CC([*])OC/1,4,-1,attacker,[*]/C=C1CC([*:1])OC/1,[],[],[],[],[],
551,Aureothin,Aur-THF,[*]/C=C1CC([*])OC/1,5,-1,receiver,[*:1]/C=C1CC([*])OC/1,[],[],[],[],[],
551,Aureothin,Aur-2-pyrone,[*]c(oc(OC)c1C)c(C)c1=O,1,1,Mal-KS,[*][c:1]([o:2]c(OC)c1C)[c:3]([CH3:4])c1=O,['pks'],['Mal'],['KS'],[],[],
551,Aureothin,Aur-2-pyrone,[*]c(oc(OC)c1C)c(C)c1=O,2,2,Mal-KS-TE,[*]c(o[c:1]([O:2]C)[c:3]1[CH3:4])c(C)[c:5]1=[O:6],['pks'],['Mal'],['KS'],[],[],
551,Aureothin,Aur-2-pyrone,[*]c(oc(OC)c1C)c(C)c1=O,3,-1,O-Me,[*]c(oc(O[CH3:1])c1C)c(C)c1=O,[],[],[],['AurI'],[],
551,Aureothin,Aur-2-pyrone,[*]c(oc(OC)c1C)c(C)c1=O,4,-1,receiver,[*:1]c(oc(OC)c1C)c(C)c1=O,[],[],[],[],[],
917,Calyculin A,"phosphate-5,6-spiroacetal",[*]C[C@@H]1O[C@@]2(O[C@@H]([C@@H](C2(C)C)O[PH](=O)(O)=O)[*])C[C@H]([C@@H]1C)O,1,1,Mal-KR-OX-KS0-DH,[*][CH2:1][C@@H:2]1[O:3][C@@]2(O[C@@H]([C@@H](C2(C)C)O[PH](=O)(O)=O)[*])C[C@H]([C@@H]1C)O,['pks'],['Mal'],['KR'],['CalD'],[],
917,Calyculin A,"phosphate-5,6-spiroacetal",[*]C[C@@H]1O[C@@]2(O[C@@H]([C@@H](C2(C)C)O[PH](=O)(O)=O)[*])C[C@H]([C@@H]1C)O,2,2,Mal-MT-KR-SB,[*]C[C@@H]1O[C@@]2(O[C@@H]([C@@H](C2(C)C)O[PH](=O)(O)=O)[*])C[C@H]([C@@H:1]1[CH3:2])O,['pks'],['Mal'],[],[],[],
917,Calyculin A,"phosphate-5,6-spiroacetal",[*]C[C@@H]1O[C@@]2(O[C@@H]([C@@H](C2(C)C)O[PH](=O)(O)=O)[*])C[C@H]([C@@H]1C)O,3,3,Mal-KR,[*]C[C@@H]1O[C@@]2(O[C@@H]([C@@H](C2(C)C)O[PH](=O)(O)=O)[*])[CH2:1][C@H:2]([C@@H]1C)[OH:3],['pks'],['Mal'],['KR'],[],[],
917,Calyculin A,"phosphate-5,6-spiroacetal",[*]C[C@@H]1O[C@@]2(O[C@@H]([C@@H](C2(C)C)O[PH](=O)(O)=O)[*])C[C@H]([C@@H]1C)O,4,4,Mal-2MT-KS,[*]C[C@@H]1O[C@@:1]2(O[C@@H]([C@@H]([C:2]2([CH3:4])[CH3:3])O[PH](=O)(O)=O)[*])C[C@H]([C@@H]1C)O,['pks'],['Mal'],['KS'],[],[],
917,Calyculin A,"phosphate-5,6-spiroacetal",[*]C[C@@H]1O[C@@]2(O[C@@H]([C@@H](C2(C)C)O[PH](=O)(O)=O)[*])C[C@H]([C@@H]1C)O,5,5,Mal-KR-OH,[*]C[C@@H]1O[C@@]2([O:1][C@@H:2]([C@@H:3](C2(C)C)[O:4][PH](=O)(O)=O)[*])C[C@H]([C@@H]1C)O,['pks'],['Mal'],['KR'],[],[],
917,Calyculin A,"phosphate-5,6-spiroacetal",[*]C[C@@H]1O[C@@]2(O[C@@H]([C@@H](C2(C)C)O[PH](=O)(O)=O)[*])C[C@H]([C@@H]1C)O,6,-1,phosphate,[*]C[C@@H]1O[C@@]2(O[C@@H]([C@@H](C2(C)C)O[PH:1](=[O:2])([OH:4])=[O:3])[*])C[C@H]([C@@H]1C)O,[],[],[],['CalQ'],[],
917,Calyculin A,"phosphate-5,6-spiroacetal",[*]C[C@@H]1O[C@@]2(O[C@@H]([C@@H](C2(C)C)O[PH](=O)(O)=O)[*])C[C@H]([C@@H]1C)O,7,-1,attacker,[*]C[C@@H]1O[C@@]2(O[C@@H]([C@@H](C2(C)C)O[PH](=O)(O)=O)[*:1])C[C@H]([C@@H]1C)O,[],[],[],[],[],
917,Calyculin A,"phosphate-5,6-spiroacetal",[*]C[C@@H]1O[C@@]2(O[C@@H]([C@@H](C2(C)C)O[PH](=O)(O)=O)[*])C[C@H]([C@@H]1C)O,8,-1,receiver,[*:1]C[C@@H]1O[C@@]2(O[C@@H]([C@@H](C2(C)C)O[PH](=O)(O)=O)[*])C[C@H]([C@@H]1C)O,[],[],[],[],[],